{
  "format_version": "1.8.0",
  "minecraft:entity": {
    "description": {
      "identifier": "raigen:extra_nuke_5",
      "is_spawnable": false,
      "is_summonable": true,
      "is_experimental": false
    },

    "components": {
	  "minecraft:damage_sensor": [
	    {
		  "cause": "any",
		  "deals_damage": false
		}
	  ],
      "minecraft:explode": {
        "fuseLength": 10.0,
        "fuseLit": true,
        "power": 48,
        "causesFire": false,
        "destroyAffectedByGriefing": true
      },
      "minecraft:physics": {
	  }
	}
  }
}