{
    "format_version": "1.16.100",
    "minecraft:block": {
        "description": {
            "identifier": "furniture:american_eletric_fence_3"
        },
        "components": {
        "minecraft:material_instances": {
                "*": {
                    "texture": "american_eletric_fence",
                    "render_method": "alpha_test"
                }
            },
            "minecraft:pick_collision": {
                "origin": [ -1, 0, -1 ],
                "size": [ 9, 16, 9 ]
            },
            "minecraft:loot": "loot_tables/garden/american_eletric_fence.json",
            "minecraft:geometry": "geometry.american_fence_corner",
            "minecraft:destroy_time": 2.0,
			"minecraft:block_light_absorption": 0.0,
            "minecraft:unwalkable": true,
            "minecraft:entity_collision": {
                "origin": [ -1.0, 0.0, -1.0 ],
                "size": [ 9, 16, 9 ]
            },
            "minecraft:rotation": [0, 180, 0],
            "minecraft:friction": 0.6,
            "minecraft:map_color": "#00ff00",
            "minecraft:flammable": {
                "flame_odds": 0,
                "burn_odds": 0
            },
            "minecraft:on_placed": {
                 "event": "decor:block"
       }
	},
        "events": {
      "decor:block": {
            "run_command": {
              "command": "setblock ~~1~ furniture:colision_fence_c_3 "
	    }
      }
    }
  }
} 
