 {
    "format_version": "1.16.100",
    "minecraft:block": {
        "description": {
            "identifier": "furniture:american_fence",
            "properties": {
                "decor:face": [ 0, 1, 2, 3 ]
            }
        },
        "components": {
            "minecraft:material_instances": {
                "*": {
                    "texture": "american_fence",
                    "render_method": "alpha_test"
                }
            },
			"minecraft:loot": "loot_tables/garden/american_fence.json",
            "minecraft:geometry": "geometry.american_fence",
            "minecraft:destroy_time": 2.0,
			"minecraft:block_light_absorption": 0.0,
            "minecraft:unwalkable": true,
            "minecraft:entity_collision": {
                "origin": [ -8.0, 0.0, -1.0 ],
                "size": [ 16, 16, 2 ]
            },
            "minecraft:pick_collision": {
                "origin": [ -8, 0, -1 ],
                "size": [ 16, 16, 2 ]
            },
            "minecraft:friction": 0.6,
            "minecraft:map_color": "#00ff00",
            "minecraft:flammable": {
                "flame_odds": 0,
                "burn_odds": 0
            },
            "minecraft:on_placed": {
                 "event": "decor:block"
            },
            "minecraft:on_player_placing": { 
			     "event": "decor:face" 
	        }
        },
        "permutations": [
            {
                "condition": "query.block_property('decor:face') == 0",
                "components": { "minecraft:rotation": [ 0, 180, 0 ] }
            }, {
                "condition": "query.block_property('decor:face') == 1",
                "components": { "minecraft:rotation": [ 0, 0, 0 ] }
            }, {
                "condition": "query.block_property('decor:face') == 2",
                "components": { "minecraft:rotation": [ 0, 270, 0 ] }
            },  {
                "condition": "query.block_property('decor:face') == 3",
                "components": { "minecraft:rotation": [ 0, 90, 0 ] }
            }
        ],
        "events": {
      "decor:face": {
        "set_block_property": {
          "decor:face": "query.cardinal_facing_2d-2"
        }
	  },
      "decor:block": {
        "sequence": [
          {
            "condition": "query.block_property('decor:face') == 0",
            "run_command": {
              "command": "setblock ~~1~ furniture:colision_fence_3 0 keep"
			}
          },
          {
            "condition": "query.block_property('decor:face') == 1",
            "run_command": {
              "command": "setblock ~~1~ furniture:colision_fence_1 0 keep"
			}
          },
          {
            "condition": "query.block_property('decor:face') == 2",
            "run_command": {
              "command": "setblock ~~1~ furniture:colision_fence_4 0 keep"
			}
          },
          {
            "condition": "query.block_property('decor:face') == 3",
            "run_command": {
              "command": "setblock ~~1~ furniture:colision_fence_2 0 keep"
			}
          },
		  {
         "run_command": {
          "command": [
            "summon furniture:american_fence",
            "summon furniture:american_fence ~1~~",
            "summon furniture:american_fence ~-1~~",
            "summon furniture:american_fence ~~~1",
            "summon furniture:american_fence ~~~-1"
              ]
			}
          }
        ]
      }
    }
  }
}
