{
    "format_version": "1.16.100",
    "minecraft:block": {
        "description": {
            "identifier": "furniture:colision_fence_c_4"
        },
        "components": {
            "minecraft:material_instances": {
                "*": {
                    "texture": "colision",
                    "render_method": "alpha_test"
                }
            },
            "minecraft:loot": "loot_tables/random/nothing.json",
            "minecraft:geometry": "geometry.colision",
            "minecraft:destroy_time": 2.0,
			"minecraft:block_light_absorption": 0.0,
            "minecraft:placement_filter": {
                "conditions": [
                {
                "allowed_faces": [
                    "up", "west", "east", "north", "south"
                ],
                "block_filter": [
                    "furniture:american_fence_4", "furniture:american_eletric_fence_4"
					]
                  }
                ]
              },
            "minecraft:on_player_destroyed": { 
                "event": "decor:air" 
            },
            "minecraft:unwalkable": true,
            "minecraft:entity_collision": {
                "origin": [ -8.0, 0.0, -1.0 ],
                "size": [ 9, 8, 9 ]
            },
            "minecraft:pick_collision": {
                "origin": [ -8, 0, -8 ],
                "size": [ 0, 0, 0 ]
            }
        },
        "events": {
            "decor:air": {
                "run_command": {
                    "command": "setblock ~~-1~ air 0 destroy"
                }
            }
        }
    }
}
