{
  "format_version": "1.8.0",
  "minecraft:client_entity": {
    "description": {
      "identifier": "raigen:place_tnt_stick",
      "materials": {
	    "default": "translucence"
	  },
      "textures": {
        "tnt_stick": "textures/more_tnt/tnt_stick/tnt_stick",
        "tnt_stick_x2": "textures/more_tnt/tnt_stick/tnt_stick_x2",
        "tnt_stick_x4": "textures/more_tnt/tnt_stick/tnt_stick_x4",
        "tnt_stick_x8": "textures/more_tnt/tnt_stick/tnt_stick_x8"
      },
      "geometry": {
        "default": "geometry.tnt_stick_landed"
      },
      "render_controllers": [ "controller.render.variant_place_tnt_stick" ]
    }
  }
}