{
  "format_version": "1.8.0",
  "minecraft:client_entity": {
    "description": {
      "identifier": "raigen:place_launcher",
      "materials": {
	    "default": "translucence"
	  },
      "textures": {
        "launcher_empty": "textures/more_tnt/place_launcher/launcher_empty",
        "launcher_luft_3": "textures/more_tnt/place_launcher/launcher_luft_3",
        "launcher_luft_6": "textures/more_tnt/place_launcher/launcher_luft_6",
        "launcher_luft_12": "textures/more_tnt/place_launcher/launcher_luft_12",
        "launcher_luft_24": "textures/more_tnt/place_launcher/launcher_luft_24"
      },
      "geometry": {
        "default": "geometry.place_launcher"
      },
      "render_controllers": [ "controller.render.variant_place_launcher" ]
    }
  }
}