{
  "format_version": "1.8.0",
  "minecraft:client_entity": {
    "description": {
      "identifier": "raigen:sticky_bomb",
      "materials": {
	    "default": "translucence"
	  },
      "textures": {
        "default": "textures/more_tnt/sticky_bomb"
      },
      "geometry": {
        "default": "geometry.basic_tnt_block"
      },
	  "spawn_egg": {
	    "texture": "more_tnt",
		"texture_index": 6
	  },
      "render_controllers": [ "controller.render.translucence" ]
    }
  }
}