{
    "format_version": "1.16.100",
    "minecraft:block": {
        "description": {
            "identifier": "furniture:couch_right_1",
            "properties": {
                "decor:color": [  0, 1, 2, 3, 4, 5, 6, 7, 8, 9, 10, 11, 12, 13, 14, 15  ]
            }
        },
        "components": {
        "minecraft:material_instances": {
                "*": {
                    "texture": "couch_white",
                    "render_method": "alpha_test"
                }
            },
            "minecraft:pick_collision": {
                "origin": [ -8, 0, -8 ],
                "size": [ 16, 16, 16 ]
            },
            "minecraft:loot": "loot_tables/random/couch.json",
            "minecraft:geometry": "geometry.couch_right",
            "minecraft:destroy_time": 2.0,
			"minecraft:block_light_absorption": 0.0,
            "minecraft:unwalkable": true,
            "minecraft:entity_collision": {
                "origin": [ -8.0, 0.0, -8.0 ],
                "size": [ 16, 16, 16 ]
            },
            "minecraft:on_interact": {
                "condition": "!query.is_sneaking",
                "event": "decor:interact"
            },
           "minecraft:ticking": {
               "looping": false,
               "range": [ 0.0, 0.0 ],
               "on_tick": {
               "event": "decor:sit"
                }
            },
            "minecraft:friction": 0.6,
            "minecraft:map_color": "#00ff00",
            "minecraft:flammable": {
                "flame_odds": 0,
                "burn_odds": 0
       }
	},
        "permutations": [
            {
                "condition": "query.block_property('decor:color')==1",
                "components": {
                    "minecraft:material_instances": {
                        "*": {
                            "texture": "couch_black",
                            "render_method": "alpha_test"
					    }
				    }
				}
            },
            {
                "condition": "query.block_property('decor:color')==2",
                "components": {
                    "minecraft:material_instances": {
                        "*": {
                            "texture": "couch_gray",
                            "render_method": "alpha_test"
					    }
				    }
				}
            },
            {
                "condition": "query.block_property('decor:color')==3",
                "components": {
                    "minecraft:material_instances": {
                        "*": {
                            "texture": "couch_silver",
                            "render_method": "alpha_test"
					    }
				    }
				}
            },
            {
                "condition": "query.block_property('decor:color')==4",
                "components": {
                    "minecraft:material_instances": {
                        "*": {
                            "texture": "couch_brown",
                            "render_method": "alpha_test"
					    }
				    }
				}
            },
            {
                "condition": "query.block_property('decor:color')==5",
                "components": {
                    "minecraft:material_instances": {
                        "*": {
                            "texture": "couch_cyan",
                            "render_method": "alpha_test"
					    }
				    }
				}
            },
            {
                "condition": "query.block_property('decor:color')==6",
                "components": {
                    "minecraft:material_instances": {
                        "*": {
                            "texture": "couch_red",
                            "render_method": "alpha_test"
					    }
				    }
				}
            },
            {
                "condition": "query.block_property('decor:color')==7",
                "components": {
                    "minecraft:material_instances": {
                        "*": {
                            "texture": "couch_orange",
                            "render_method": "alpha_test"
					    }
				    }
				}
            },
            {
                "condition": "query.block_property('decor:color')==8",
                "components": {
                    "minecraft:material_instances": {
                        "*": {
                            "texture": "couch_yellow",
                            "render_method": "alpha_test"
					    }
				    }
				}
            },
            {
                "condition": "query.block_property('decor:color')==9",
                "components": {
                    "minecraft:material_instances": {
                        "*": {
                            "texture": "couch_green",
                            "render_method": "alpha_test"
					    }
				    }
				}
            },
            {
                "condition": "query.block_property('decor:color')==10",
                "components": {
                    "minecraft:material_instances": {
                        "*": {
                            "texture": "couch_lime",
                            "render_method": "alpha_test"
					    }
				    }
				}
            },
            {
                "condition": "query.block_property('decor:color')==11",
                "components": {
                    "minecraft:material_instances": {
                        "*": {
                            "texture": "couch_blue",
                            "render_method": "alpha_test"
					    }
				    }
				}
            },
            {
                "condition": "query.block_property('decor:color')==12",
                "components": {
                    "minecraft:material_instances": {
                        "*": {
                            "texture": "couch_light_blue",
                            "render_method": "alpha_test"
					    }
				    }
				}
            },
            {
                "condition": "query.block_property('decor:color')==13",
                "components": {
                    "minecraft:material_instances": {
                        "*": {
                            "texture": "couch_pink",
                            "render_method": "alpha_test"
					    }
				    }
				}
            },
            {
                "condition": "query.block_property('decor:color')==14",
                "components": {
                    "minecraft:material_instances": {
                        "*": {
                            "texture": "couch_magenta",
                            "render_method": "alpha_test"
					    }
				    }
				}
            },
            {
                "condition": "query.block_property('decor:color')==15",
                "components": {
			        "minecraft:on_interact": {
                        "condition": "!query.is_sneaking",
                        "event": "normal"
                    },
                    "minecraft:material_instances": {
                        "*": {
                            "texture": "couch_purple",
                            "render_method": "alpha_test"
					    }
				    }
				}
            }
        ],
        "events": {
             "decor:sit": {
                 "run_command": {
                    "command": "summon furniture:couch_sit"
               }
            },
            "decor:interact": {
			"sequence":[
			  {
			    "trigger":{
				  "target": "self",
				  "event": "colorful_brush"
				},
				"condition": "query.get_equipped_item_name('main_hand')== 'colorful_brush'"
			        },
			  {
			    "trigger":{
				  "target": "self",
				  "event": "sit"
				},
				"condition": "query.get_equipped_item_name!= 'colorful_brush'"
			        }
		        ]
            },
            "colorful_brush": {
                "set_block_property": {
                    "decor:color": "query.block_property('decor:color') +1"
                }
            },
            "normal": {
                "set_block_property": {
                    "decor:color": 0
            }
        },
      "sit": {
        "sequence": [
          {
            "run_command": {
              "command": "tag @s add player_couch_interact",
              "target": "other"
            }
          },
          {
            "run_command": {
              "command": "event entity @e[type=furniture:couch_sit, r=0.01] player_interact"
                  }
               }
            ]
         }
      }
   }
}	  
