{
  "format_version": "1.8.0",
  "minecraft:entity": {
    "description": {
      "identifier": "raigen:phosphorus_charge_landed",
      "is_spawnable": false,
      "is_summonable": true,
      "is_experimental": false
    },

    "components": {
      "minecraft:type_family": {
        "family": [ "inanimate" ]
      },
      "minecraft:explode": {
        "fuseLength": 5.1,
        "fuseLit": true,
        "power": 0,
		"breaks_blocks": false,
        "causesFire": false,
        "destroyAffectedByGriefing": true
      },
	  "minecraft:spawn_entity": [
	    {
		  "min_wait_time": 5,
		  "max_wait_time": 5,
		  "num_to_spawn": 1,
		  "single_use": true,
		  "spawn_entity": "raigen:phosphorus_charge_particles"
		}
	  ],
      "minecraft:collision_box": {
        "width": 0.1,
        "height": 0.1
      },
	  "minecraft:damage_sensor": [
	    {
		  "cause": "any",
		  "deals_damage": false
		}
	  ],
      "minecraft:physics": {
	  }
	}
  }
}