{
  "format_version": "1.8.0",
  "minecraft:entity": {
    "description": {
      "identifier": "raigen:potassium_charge_landed",
      "is_spawnable": false,
      "is_summonable": true,
      "is_experimental": false
    },
	
	"component_groups": {
	  "minecraft:explode": {
        "minecraft:explode": {
          "fuseLength": 0,
          "fuseLit": true,
          "power": 4,
          "causesFire": false,
          "destroyAffectedByGriefing": true
        }
      }
	},

    "components": {
      "minecraft:type_family": {
        "family": [ "inanimate" ]
      },
	  "minecraft:environment_sensor": [
	    {
		  "on_environment": {
		    "filters": {
			  "any_of": [
			    { "test": "in_water_or_rain", "subject": "self", "value": true },
			    { "test": "is_underwater", "subject": "self", "value": true }
			  ]
			},
			"event": "minecraft:event_explode"
		  }
		}
	  ],
      "minecraft:collision_box": {
        "width": 0.1,
        "height": 0.1
      },
	  "minecraft:damage_sensor": [
	    {
		  "cause": "any",
		  "deals_damage": false
		}
	  ],
      "minecraft:physics": {
	  }
	},
	
	"events": {
	  "minecraft:event_explode": {
	    "add": {
		  "component_groups": [ "minecraft:explode" ]
		}
	  }
	}
  }
}