{
  "format_version": "1.8.0",
  "minecraft:entity": {
    "description": {
      "identifier": "raigen:stun_grenade_landed",
      "is_spawnable": false,
      "is_summonable": true,
      "is_experimental": false,
	  "scripts": {
	    "animate": [ "walk" ]
	  },
	  "animations": {
	    "walk": "controller.animation.stun_grenade_function"
	  }
    },
	
	"components": {
	  "minecraft:collision_box": {
	    "height": 0.0,
		"width": 0.0
	  },
      "minecraft:explode": {
        "fuseLength": 0,
        "fuseLit": true,
        "power": 1,
		"breaks_blocks": false,
        "causesFire": false,
        "destroyAffectedByGriefing": true
      }
	}
  }
}