{
  "format_version": "1.10.0",
  "particle_effect": {
    "description": {
      "identifier": "raigen:bedrock_buster_explosion_particles",
      "basic_render_parameters": {
        "material": "particles_alpha",
        "texture": "textures/more_tnt/particles"
      }
    },
    "components": {
      "minecraft:emitter_rate_instant": {
        "num_particles": 500
      },
      "minecraft:emitter_lifetime_once": {
        "active_time": 0.15
      },
      "minecraft:emitter_shape_point": {
        "direction": ["Math.random(-1.0, 1.0)", "Math.random(-1.0, 1.0)", "Math.random(-1.0, 1.0)"]
      },
      "minecraft:particle_lifetime_expression": {
        "max_lifetime": 0.5
      },
      "minecraft:particle_initial_speed": "Math.random(105.0, 140.0)",
      "minecraft:particle_motion_dynamic": {
        "linear_drag_coefficient": 1
      },
      "minecraft:particle_appearance_billboard": {
        "size": [1, 1],
        "facing_camera_mode": "lookat_xyz",
        "uv": {
          "texture_width": 64,
          "texture_height": 64,
          "flipbook": {
            "size_UV": [16, 16],
            "step_UV": [16, 0],
            "frames_per_second": 4,
            "max_frame": 4,
            "stretch_to_lifetime": true
          }
        }
      },
      "minecraft:particle_appearance_tinting": {
        "color": [ "variable.particle_random_1*0.5", "variable.particle_random_1*0.5", "variable.particle_random_1*0.5", 1.0 ]
      }
    }
  }
}