{
  "format_version": "1.10.0",
  "particle_effect": {
    "description": {
      "identifier": "raigen:cryocharge_explosion_particles",
      "basic_render_parameters": {
        "material": "particles_alpha",
        "texture": "textures/particle/particles"
      }
    },
    "components": {
      "minecraft:emitter_rate_instant": {
        "num_particles": 1000
      },
      "minecraft:emitter_lifetime_once": {
        "active_time": 0.15
      },
      "minecraft:emitter_shape_point": {
        "direction": ["Math.random(-1.0, 1.0)", "Math.random(-1.0, 1.0)", "Math.random(-1.0, 1.0)"]
      },
      "minecraft:particle_lifetime_expression": {
        "max_lifetime": "3.0 + Math.random(0.0, 0.6)"
      },
      "minecraft:particle_initial_spin": {
        "rotation": 1,
        "rotation_rate": 50
      },
      "minecraft:particle_initial_speed": "Math.random(10.0, 35.0)",
      "minecraft:particle_motion_dynamic": {
        "linear_drag_coefficient": 1,
        "rotation_acceleration": 100,
        "rotation_drag_coefficient": 1
      },
      "minecraft:particle_appearance_billboard": {
        "size": ["(0.05 + variable.particle_random_1*0.05)", "(0.05 + variable.particle_random_1*0.05)"],
        "facing_camera_mode": "lookat_xyz",
        "uv": {
          "texture_width": 128,
          "texture_height": 128,
          "flipbook": {
            "base_UV": [56, 96],
            "size_UV": [8, 8],
            "step_UV": [-8, 0],
            "frames_per_second": 8,
            "max_frame": 8,
            "stretch_to_lifetime": true
          }
        }
      },
      "minecraft:particle_appearance_lighting": {},
      "minecraft:particle_appearance_tinting": {
        "color": [0.8, 0.96471, 1, 1]
      }
    }
  }
}