{
  "format_version": "1.10.0",
  "particle_effect": {
    "description": {
      "identifier": "raigen:frag_grenade_particles",
      "basic_render_parameters": {
        "material": "particles_alpha",
        "texture": "textures/particle/particles"
      }
    },
    "components": {
      "minecraft:emitter_rate_instant": {
        "num_particles": 250
      },
      "minecraft:emitter_lifetime_once": {
        "active_time": 0.15
      },
      "minecraft:emitter_shape_point": {
        "direction": ["Math.random(-1.0, 1.0)", "Math.random(-1.0, 1.0)", "Math.random(-1.0, 1.0)"]
      },
      "minecraft:particle_lifetime_expression": {
        "max_lifetime": 0.5
      },
      "minecraft:particle_initial_speed": 50,
      "minecraft:particle_motion_dynamic": {
        "linear_drag_coefficient": -1
      },
      "minecraft:particle_appearance_billboard": {
        "size": [0.05, 0.05],
        "facing_camera_mode": "lookat_xyz",
        "uv": {
          "texture_width": 128,
          "texture_height": 128,
          "uv": [40, 88],
          "uv_size": [8, 8]
        }
      },
      "minecraft:particle_appearance_lighting": {},
      "minecraft:particle_appearance_tinting": {
        "color": [0.38039, 0.38039, 0.38039, 1]
      }
    }
  }
}