{
  "format_version": "1.10.0",
  "particle_effect": {
    "description": {
      "identifier": "raigen:missile_trail",
      "basic_render_parameters": {
        "material": "particles_alpha",
        "texture": "textures/particle/particles"
      }
    },
    "components": {
      "minecraft:emitter_rate_instant": {
        "num_particles": 1
      },
      "minecraft:emitter_lifetime_once": {
      },
      "minecraft:emitter_shape_point": {
        "direction": ["variable.direction.x", "variable.direction.y", "variable.direction.z"]
      },
      "minecraft:particle_lifetime_expression": {
        "max_lifetime": "Math.Random(0.75, 0.9)"
      },
      "minecraft:particle_initial_speed": 0.0,
      "minecraft:particle_motion_dynamic": {
        "linear_acceleration": [0.1, 0.1, 0.1],
        "linear_drag_coefficient": 0.49
      },
      "minecraft:particle_appearance_billboard": {
        "size": ["(variable.particle_random_1 * 0.5f + 0.5f) * 0.2", "(variable.particle_random_1 * 0.5f + 0.5f) * 0.2"],
        "facing_camera_mode": "lookat_xyz",
        "uv": {
          "texture_width": 128,
          "texture_height": 128,
          "flipbook": {
            "base_UV": [32, 0],
            "size_UV": [8, 8],
            "step_UV": [8, 0],
            "frames_per_second": 8,
            "max_frame": 4,
            "stretch_to_lifetime": true
          }
        }
      },
      "minecraft:particle_appearance_tinting": {
        "color": ["Math.clamp(Math.clamp(variable.particle_random_1*0.5, 0, 1), 0, 1)", "Math.clamp(Math.clamp(variable.particle_random_1*0.5, 0, 1), 0, 1)", "Math.clamp(Math.clamp(variable.particle_random_1*0.5, 0, 1), 0, 1)", 1]
      }
    }
  }
}