{
  "format_version": "1.10.0",
  "particle_effect": {
    "description": {
      "identifier": "raigen:napalm_explosion_particles",
      "basic_render_parameters": {
        "material": "particles_alpha",
        "texture": "textures/flame_atlas"
      }
    },
    "components": {
      "minecraft:emitter_rate_instant": {
        "num_particles": 100
      },
      "minecraft:emitter_lifetime_once": {
      },
      "minecraft:emitter_shape_point": {
        "offset": [ "variable.is_vertical = Math.Random(0.0, 1.0) > 0.7; variable.splash_power = Math.random(0.0, 1.0) * variable.splash_range; variable.color_brightness = 0.75 + Math.random(0.0, 1.0) * 0.25; return 0.0;", 0, 0 ],
        "direction": [
          "(variable.is_vertical > 0 ? 0.15 : 1.0) * Math.random(-1,1)",
          "(variable.is_vertical > 0 ? 1.0 : 0.0) * Math.random(0,1)",
          "(variable.is_vertical > 0 ? 0.15 : 1.0) * Math.random(-1,1)"
        ]
      },
      "minecraft:particle_initial_speed": "(variable.is_vertical > 0 ? Math.random(1.75, 3.75) : Math.random(1.5, 5.5))",
      "minecraft:particle_lifetime_expression": {
        "max_lifetime": "Math.random(0.7, 1.5)"
      },
      "minecraft:particle_motion_dynamic": {
        "linear_acceleration": [
          "(variable.particle_random_1 * 2 - 1) * variable.splash_power * (variable.is_vertical > 0 ? 0.2 : 0.5) * 2.5",
          "(-0.1 * variable.splash_power + 1) * (variable.is_vertical > 0 ? 0.9 : 1.3) * 1.0",
          "(variable.particle_random_2 * 2 - 1) * variable.splash_power * (variable.is_vertical > 0 ? 0.2 : 0.5) * 2.5"
        ],
        "linear_drag_coefficient": 0.5
      },
      "minecraft:particle_motion_collision": {
        "enabled": 1,
        "collision_drag": 1.0,
        "coefficient_of_restitution": 1.0,
        "collision_radius": 0.5
      },
      "minecraft:particle_appearance_billboard": {
        "size": [0.5, 0.5],
        "facing_camera_mode": "lookat_xyz",
        "uv": {
          "texture_width": 16,
          "texture_height": 512,
          "flipbook": {
            "size_UV": [16, 16],
            "step_UV": [0, 16],
            "frames_per_second": 32,
            "max_frame": 32,
            "stretch_to_lifetime": true
          }
        }
      }
    }
  }
}