{
  "format_version": "1.10.0",
  "particle_effect": {
    "description": {
      "identifier": "raigen:napalm_fragments_particles",
      "basic_render_parameters": {
        "material": "particles_alpha",
        "texture": "textures/flame_atlas"
      }
    },
    "components": {
      "minecraft:emitter_local_space": {
        "position": true,
        "rotation": true
      },
      "minecraft:emitter_rate_instant": {
        "num_particles": 10
      },
      "minecraft:emitter_lifetime_once": {
      },
      "minecraft:emitter_shape_entity_aabb": {},
      "minecraft:particle_lifetime_expression": {
        "max_lifetime": 1.25
      },
      "minecraft:particle_initial_speed": "Math.random(0, 1)",
      "minecraft:particle_motion_dynamic": {
        "linear_acceleration": ["Math.random( -1.0, 1.0 )", "Math.random( -1.0, 1.0 )", "Math.random( -1.0, 1.0 )"]
      },
      "minecraft:particle_appearance_billboard": {
        "size": [0.5, 0.5],
        "facing_camera_mode": "lookat_xyz",
        "uv": {
          "texture_width": 16,
          "texture_height": 512,
          "flipbook": {
            "size_UV": [16, 16],
            "step_UV": [0, 16],
            "frames_per_second": 32,
            "max_frame": 32,
            "stretch_to_lifetime": true
          }
        }
      }
    }
  }
}