{
  "format_version": "1.10.0",
  "particle_effect": {
    "description": {
      "identifier": "raigen:napalm_fuse",
      "basic_render_parameters": {
        "material": "particles_alpha",
        "texture": "textures/flame_atlas"
      }
    },
    "components": {
      "minecraft:emitter_rate_steady": {
        "spawn_rate": 50,
        "max_particles": 100
      },
      "minecraft:emitter_lifetime_once": {
        "active_time": 0.1
      },
      "minecraft:emitter_shape_point": {},
      "minecraft:particle_lifetime_expression": {
        "max_lifetime": "Math.random(1.0, 4.0)"
      },
      "minecraft:particle_initial_speed": 0,
      "minecraft:particle_motion_parametric": {
        "relative_position": ["1.0 * Math.cos((variable.particle_age * 180) + (variable.particle_random_1 * 360))", 0, "1.0 * Math.sin((variable.particle_age * 180) + (variable.particle_random_1 * 360))"]
      },
      "minecraft:particle_appearance_billboard": {
        "size": ["0.1 + math.random( 0.175, 0.15 )", "0.1 + math.random( 0.175, 0.15 )"],
        "facing_camera_mode": "lookat_xyz",
        "uv": {
          "texture_width": 16,
          "texture_height": 512,
          "flipbook": {
            "size_UV": [16, 16],
            "step_UV": [0, 16],
            "frames_per_second": 32,
            "max_frame": 32,
            "stretch_to_lifetime": true
          }
        }
      }
    }
  }
}