{
  "format_version": "1.10.0",
  "particle_effect": {
    "description": {
      "identifier": "raigen:nuke_blow_particles",
      "basic_render_parameters": {
        "material": "particles_charged",
        "texture": "textures/more_tnt/nuke_blow_particles"
      }
    },
    "components": {
      "minecraft:emitter_rate_steady": {
        "spawn_rate": 100,
        "max_particles": 80
      },
      "minecraft:emitter_lifetime_looping": {
        "active_time": 1
      },
      "minecraft:emitter_shape_sphere": {
        "radius": 1,
        "direction": "outwards",
        "surface_only": true
      },
      "minecraft:particle_lifetime_expression": {
        "max_lifetime": 4
      },
      "minecraft:particle_motion_parametric": {
        "rotation": "variable.particle_random_1 * 360 + variable.particle_age * 1000"
      },
      "minecraft:particle_appearance_billboard": {
        "size": [ 0.2, 0.2 ],
        "facing_camera_mode": "direction_z"
      },
      "minecraft:particle_appearance_tinting": {
        "color": [ "variable.particle_random_1*0.5", "variable.particle_random_1*0.5", "variable.particle_random_1*0.5", 1.0 ]
      }
    }
  }
}
