{
  "format_version": "1.10.0",
  "particle_effect": {
    "description": {
      "identifier": "raigen:nuke_mushroom_wide",
      "basic_render_parameters": {
        "material": "particles_alpha",
        "texture": "textures/particle/particles"
      }
    },
    "components": {
      "minecraft:emitter_rate_instant": {
        "num_particles": 200
      },
      "minecraft:emitter_lifetime_once": {
        "active_time": 0.15
      },
      "minecraft:emitter_shape_disc": {
        "radius": 20
      },
      "minecraft:particle_lifetime_expression": {
        "max_lifetime": 20
      },
      "minecraft:particle_initial_speed": "Math.random(50.0, 70.0)",
      "minecraft:particle_motion_dynamic": {
        "linear_drag_coefficient": 10
      },
      "minecraft:particle_initial_spin": {
        "rotation": 1,
        "rotation_rate": 10
      },
      "minecraft:particle_appearance_billboard": {
        "size": [1, 1],
        "facing_camera_mode": "lookat_xyz",
        "uv": {
          "texture_width": 128,
          "texture_height": 128,
          "flipbook": {
            "base_UV": [32, 0],
            "size_UV": [8, 8],
            "step_UV": [8, 0],
            "frames_per_second": 8,
            "max_frame": 4,
            "stretch_to_lifetime": true
          }
        }
      },
      "minecraft:particle_appearance_tinting": {
        "color": ["Math.clamp(variable.particle_random_1*0.5, 0, 1)", "Math.clamp(variable.particle_random_1*0.5, 0, 1)", "Math.clamp(variable.particle_random_1*0.5, 0, 1)", 1]
      }
    }
  }
}