{
  "format_version": "1.10.0",
  "particle_effect": {
    "description": {
      "identifier": "raigen:singularity_grenade_void_circle",
      "basic_render_parameters": {
        "material": "particles_glow_glass",
        "texture": "textures/more_tnt/particles"
      }
    },
    "components": {
      "minecraft:emitter_rate_instant": {
        "num_particles": 1
      },
      "minecraft:emitter_lifetime_once": {
        "active_time": 1
      },
      "minecraft:emitter_shape_point": {},
      "minecraft:particle_lifetime_expression": {
        "max_lifetime": 5
      },
      "minecraft:particle_initial_spin": {
        "rotation": 1,
        "rotation_rate": 100
      },
      "minecraft:particle_initial_speed": 0,
      "minecraft:particle_motion_dynamic": {
        "rotation_acceleration": 100,
        "rotation_drag_coefficient": -10
      },
      "minecraft:particle_appearance_billboard": {
        "size": [1.5, 1.5],
        "facing_camera_mode": "rotate_xyz",
        "uv": {
          "texture_width": 64,
          "texture_height": 64,
          "uv": [0, 32],
          "uv_size": [32, 32]
        }
      },
      "minecraft:particle_appearance_tinting": {
        "color": [0.3451, 0, 0.67843, 1]
      }
    }
  }
}