{
  "format_version": "1.10.0",
  "particle_effect": {
    "description": {
      "identifier": "raigen:singularity_grenade_void_dust",
      "basic_render_parameters": {
        "material": "particles_alpha",
        "texture": "textures/particle/particles"
      }
    },
    "components": {
      "minecraft:emitter_rate_steady": {
        "spawn_rate": 50,
        "max_particles": 80
      },
      "minecraft:emitter_lifetime_looping": {
        "active_time": 1
      },
      "minecraft:emitter_shape_point": {
        "offset": ["math.random(-1.0, 1.0)", "math.random(-1.0, 1.0)", "math.random(-1.0, 1.0)"]
      },
      "minecraft:particle_lifetime_expression": {
        "max_lifetime": "Math.random(3.5, 4.5)"
      },
      "minecraft:particle_initial_speed": 0,
      "minecraft:particle_motion_parametric": {
        "relative_position": ["variable.pos = 1 - (variable.particle_age / variable.particle_lifetime); return (-0.5 + variable.particle_random_1) * (3 + variable.aabb_dimension_x) * variable.pos;", "(-1.0 + variable.particle_random_2 * variable.aabb_dimension_y) * variable.pos - Math.pow((1 - variable.pos), 3) * 1.2", "(-0.5 + variable.particle_random_3) * (3 + variable.aabb_dimension_x) * variable.pos"]
      },
      "minecraft:particle_appearance_billboard": {
        "size": [0.3, 0.3],
        "facing_camera_mode": "lookat_xyz",
        "uv": {
          "texture_width": 128,
          "texture_height": 128,
          "uv": [0, 0],
          "uv_size": [8, 8]
        }
      },
      "minecraft:particle_appearance_tinting": {
        "color": [0.27451, 0.18824, 0.3451, 1]
      }
    }
  }
}