{
  "format_version": "1.10.0",
  "particle_effect": {
    "description": {
      "identifier": "raigen:tear_gas_particles_medium",
      "basic_render_parameters": {
        "material": "particles_alpha",
        "texture": "textures/more_tnt/particles"
      }
    },
    "components": {
      "minecraft:emitter_rate_instant": {
        "num_particles": 100
      },
      "minecraft:emitter_lifetime_once": {},
      "minecraft:emitter_shape_point": {
        "direction": ["Math.random(-1.0, 1.0)", "Math.random(-1.0, 1.0)", "Math.random(-1.0, 1.0)"]
      },
      "minecraft:particle_lifetime_expression": {
        "max_lifetime": "20.0 + Math.random(0.0, 0.6)"
      },
      "minecraft:particle_initial_speed": "Math.random(25.0, 50.0)",
      "minecraft:particle_motion_dynamic": {
        "linear_drag_coefficient": 10
      },
      "minecraft:particle_appearance_billboard": {
        "size": ["(0.75 + variable.particle_random_1*0.05)", "(0.75 + variable.particle_random_1*0.05)"],
        "facing_camera_mode": "lookat_xyz",
        "uv": {
          "texture_width": 64,
          "texture_height": 64,
          "flipbook": {
            "size_UV": [16, 16],
            "step_UV": [16, 0],
            "frames_per_second": 8,
            "max_frame": 4,
            "stretch_to_lifetime": true
          }
        }
      },
	  "minecraft:particle_appearance_tinting": {
		"color": [0.8549, 0.8, 0.64314, 1]
	  }
    }
  }
}