{
  "format_version": "1.10.0",
  "particle_effect": {
    "description": {
      "identifier": "raigen:tnt_fuse",
      "basic_render_parameters": {
        "material": "particles_alpha",
        "texture": "textures/particle/particles"
      }
    },
    "components": {
      "minecraft:emitter_rate_instant": {
        "num_particles": 1
      },
      "minecraft:emitter_lifetime_once": {
        "active_time": 1
      },
      "minecraft:emitter_shape_point": {},
      "minecraft:particle_lifetime_expression": {
        "max_lifetime": 1
      },
      "minecraft:particle_initial_speed": 0,
      "minecraft:particle_motion_parametric": {
        "relative_position": [0, "2.5 * variable.particle_age", 0]
      },
      "minecraft:particle_appearance_billboard": {
        "size": ["0.2 + variable.particle_age * -0.025", "0.2 + variable.particle_age * -0.025"],
        "facing_camera_mode": "lookat_xyz",
        "uv": {
          "texture_width": 128,
          "texture_height": 128,
          "flipbook": {
            "base_UV": [56, 0],
            "size_UV": [8, 8],
            "step_UV": [-8, 0],
            "frames_per_second": 8,
            "max_frame": 8,
            "stretch_to_lifetime": true
          }
        }
      },
      "minecraft:particle_appearance_tinting": {
        "color": [ "variable.particle_random_1*0.5", "variable.particle_random_1*0.5", "variable.particle_random_1*0.5", 1.0 ]
      }
    }
  }
}