{
  "format_version": "1.11.0",
  "minecraft:entity": {
    "description": {
      "identifier": "minecraft:player",
      "is_spawnable": false,
      "is_summonable": false,
      "is_experimental": false
    },

    "component_groups": {
	  "minecraft:launcher_luft_3": {
	    "minecraft:spawn_entity": {
		  "min_wait_time": 0,
		  "max_wait_time": 0,
		  "num_to_spawn": 1,
		  "single_use": true,
		  "spawn_entity": "raigen:luft_3"
		}
	  },
	  "minecraft:launcher_luft_6": {
	    "minecraft:spawn_entity": {
		  "min_wait_time": 0,
		  "max_wait_time": 0,
		  "num_to_spawn": 1,
		  "single_use": true,
		  "spawn_entity": "raigen:luft_6"
		}
	  },
	  "minecraft:launcher_luft_12": {
	    "minecraft:spawn_entity": {
		  "min_wait_time": 0,
		  "max_wait_time": 0,
		  "num_to_spawn": 1,
		  "single_use": true,
		  "spawn_entity": "raigen:luft_12"
		}
	  },
	  "minecraft:launcher_luft_24": {
	    "minecraft:spawn_entity": {
		  "min_wait_time": 0,
		  "max_wait_time": 0,
		  "num_to_spawn": 1,
		  "single_use": true,
		  "spawn_entity": "raigen:luft_24"
		}
	  },
	  "minecraft:caber": {
	    "minecraft:spawn_entity": {
		  "min_wait_time": 0,
		  "max_wait_time": 0,
		  "num_to_spawn": 1,
		  "single_use": true,
		  "spawn_entity": "raigen:caber"
		}
	  },
	  "minecraft:tnt_stick": {
	    "minecraft:spawn_entity": {
		  "min_wait_time": 0,
		  "max_wait_time": 0,
		  "num_to_spawn": 1,
		  "single_use": true,
		  "spawn_entity": "raigen:tnt_stick"
		}
	  },
	  "minecraft:tnt_stick_x2": {
	    "minecraft:spawn_entity": {
		  "min_wait_time": 0,
		  "max_wait_time": 0,
		  "num_to_spawn": 1,
		  "single_use": true,
		  "spawn_entity": "raigen:tnt_stick_x2"
		}
	  },
	  "minecraft:tnt_stick_x4": {
	    "minecraft:spawn_entity": {
		  "min_wait_time": 0,
		  "max_wait_time": 0,
		  "num_to_spawn": 1,
		  "single_use": true,
		  "spawn_entity": "raigen:tnt_stick_x4"
		}
	  },
	  "minecraft:tnt_stick_x8": {
	    "minecraft:spawn_entity": {
		  "min_wait_time": 0,
		  "max_wait_time": 0,
		  "num_to_spawn": 1,
		  "single_use": true,
		  "spawn_entity": "raigen:tnt_stick_x8"
		}
	  },
	  "minecraft:frag_grenade": {
	    "minecraft:spawn_entity": {
		  "min_wait_time": 0,
		  "max_wait_time": 0,
		  "num_to_spawn": 1,
		  "single_use": true,
		  "spawn_entity": "raigen:frag_grenade"
		}
	  },
	  "minecraft:smoke_grenade": {
	    "minecraft:spawn_entity": {
		  "min_wait_time": 0,
		  "max_wait_time": 0,
		  "num_to_spawn": 1,
		  "single_use": true,
		  "spawn_entity": "raigen:smoke_grenade"
		}
	  },
	  "minecraft:stun_grenade": {
	    "minecraft:spawn_entity": {
		  "min_wait_time": 0,
		  "max_wait_time": 0,
		  "num_to_spawn": 1,
		  "single_use": true,
		  "spawn_entity": "raigen:stun_grenade"
		}
	  },
	  "minecraft:dynamite_stick": {
	    "minecraft:spawn_entity": {
		  "min_wait_time": 0,
		  "max_wait_time": 0,
		  "num_to_spawn": 1,
		  "single_use": true,
		  "spawn_entity": "raigen:dynamite_stick"
		}
	  },
	  "minecraft:tear_gas": {
	    "minecraft:spawn_entity": {
		  "min_wait_time": 0,
		  "max_wait_time": 0,
		  "num_to_spawn": 1,
		  "single_use": true,
		  "spawn_entity": "raigen:tear_gas"
		}
	  },
	  "minecraft:generic_bomb": {
	    "minecraft:spawn_entity": {
		  "min_wait_time": 0,
		  "max_wait_time": 0,
		  "num_to_spawn": 1,
		  "single_use": true,
		  "spawn_entity": "raigen:generic_bomb"
		}
	  },
	  "minecraft:molotov": {
	    "minecraft:spawn_entity": {
		  "min_wait_time": 0,
		  "max_wait_time": 0,
		  "num_to_spawn": 1,
		  "single_use": true,
		  "spawn_entity": "raigen:molotov"
		}
	  },
	  "minecraft:potassium_charge": {
	    "minecraft:spawn_entity": {
		  "min_wait_time": 0,
		  "max_wait_time": 0,
		  "num_to_spawn": 1,
		  "single_use": true,
		  "spawn_entity": "raigen:potassium_charge"
		}
	  },
	  "minecraft:phosphorus_charge": {
	    "minecraft:spawn_entity": {
		  "min_wait_time": 0,
		  "max_wait_time": 0,
		  "num_to_spawn": 1,
		  "single_use": true,
		  "spawn_entity": "raigen:phosphorus_charge"
		}
	  },
	  "minecraft:singularity_grenade": {
	    "minecraft:spawn_entity": {
		  "min_wait_time": 0,
		  "max_wait_time": 0,
		  "num_to_spawn": 1,
		  "single_use": true,
		  "spawn_entity": "raigen:singularity_grenade"
		}
	  },
	  
      "minecraft:add_bad_omen": {
        "minecraft:spell_effects": {
          "add_effects": [
            {
              "effect": "bad_omen",
              "duration": 6000,
              "display_on_screen_animation": true
            }
          ]
        },
        "minecraft:timer": {
          "time": [ 0.0, 0.0 ],
          "looping": false,
          "time_down_event": {
            "event": "minecraft:clear_add_bad_omen",
            "target": "self"
          }
        }
      },
      "minecraft:clear_bad_omen_spell_effect": {
        "minecraft:spell_effects": {
        }
      },
      "minecraft:raid_trigger": {
        "minecraft:raid_trigger": {
          "triggered_event": {
            "event": "minecraft:remove_raid_trigger",
            "target": "self"
          }
        },
        "minecraft:spell_effects": {
          "remove_effects": "bad_omen"
        }
      }
    },

    "components": {
      "minecraft:type_family": {
        "family": [ "player" ]
      },
      "minecraft:is_hidden_when_invisible": {
      },
	  "minecraft:scheduler": {
	    "scheduled_events": [
		  {
		    "scheduled_event": {
			  "filters": {
			    "all_of": [
				  { "test": "has_equipment", "subject": "self", "domain": "hand", "value": "raigen:launcher_luft_3" },
				  { "test": "is_sneaking", "subject": "self", "value": true }
				]
			  },
			  "event": "minecraft:event_launcher_luft_3"
			}
		  },
		  {
		    "scheduled_event": {
			  "filters": {
			    "all_of": [
				  { "test": "has_equipment", "subject": "self", "domain": "hand", "value": "raigen:launcher_luft_6" },
				  { "test": "is_sneaking", "subject": "self", "value": true }
				]
			  },
			  "event": "minecraft:event_launcher_luft_6"
			}
		  },
		  {
		    "scheduled_event": {
			  "filters": {
			    "all_of": [
				  { "test": "has_equipment", "subject": "self", "domain": "hand", "value": "raigen:launcher_luft_12" },
				  { "test": "is_sneaking", "subject": "self", "value": true }
				]
			  },
			  "event": "minecraft:event_launcher_luft_12"
			}
		  },
		  {
		    "scheduled_event": {
			  "filters": {
			    "all_of": [
				  { "test": "has_equipment", "subject": "self", "domain": "hand", "value": "raigen:launcher_luft_24" },
				  { "test": "is_sneaking", "subject": "self", "value": true }
				]
			  },
			  "event": "minecraft:event_launcher_luft_24"
			}
		  },
		  {
		    "scheduled_event": {
			  "filters": {
			    "all_of": [
				  { "test": "has_equipment", "subject": "self", "domain": "hand", "value": "raigen:caber" },
				  { "test": "is_sneaking", "subject": "self", "value": true }
				]
			  },
			  "event": "minecraft:event_caber"
			}
		  },
		  {
		    "scheduled_event": {
			  "filters": {
			    "all_of": [
				  { "test": "has_equipment", "subject": "self", "domain": "hand", "value": "raigen:tnt_stick" },
				  { "test": "is_sneaking", "subject": "self", "value": true }
				]
			  },
			  "event": "minecraft:event_tnt_stick"
			}
		  },
		  {
		    "scheduled_event": {
			  "filters": {
			    "all_of": [
				  { "test": "has_equipment", "subject": "self", "domain": "hand", "value": "raigen:tnt_stick_x2" },
				  { "test": "is_sneaking", "subject": "self", "value": true }
				]
			  },
			  "event": "minecraft:event_tnt_stick_x2"
			}
		  },
		  {
		    "scheduled_event": {
			  "filters": {
			    "all_of": [
				  { "test": "has_equipment", "subject": "self", "domain": "hand", "value": "raigen:tnt_stick_x4" },
				  { "test": "is_sneaking", "subject": "self", "value": true }
				]
			  },
			  "event": "minecraft:event_tnt_stick_x4"
			}
		  },
		  {
		    "scheduled_event": {
			  "filters": {
			    "all_of": [
				  { "test": "has_equipment", "subject": "self", "domain": "hand", "value": "raigen:tnt_stick_x8" },
				  { "test": "is_sneaking", "subject": "self", "value": true }
				]
			  },
			  "event": "minecraft:event_tnt_stick_x8"
			}
		  },
		  {
		    "scheduled_event": {
			  "filters": {
			    "all_of": [
				  { "test": "has_equipment", "subject": "self", "domain": "hand", "value": "raigen:frag_grenade" },
				  { "test": "is_sneaking", "subject": "self", "value": true }
				]
			  },
			  "event": "minecraft:event_frag_grenade"
			}
		  },
		  {
		    "scheduled_event": {
			  "filters": {
			    "all_of": [
				  { "test": "has_equipment", "subject": "self", "domain": "hand", "value": "raigen:smoke_grenade" },
				  { "test": "is_sneaking", "subject": "self", "value": true }
				]
			  },
			  "event": "minecraft:event_smoke_grenade"
			}
		  },
		  {
		    "scheduled_event": {
			  "filters": {
			    "all_of": [
				  { "test": "has_equipment", "subject": "self", "domain": "hand", "value": "raigen:stun_grenade" },
				  { "test": "is_sneaking", "subject": "self", "value": true }
				]
			  },
			  "event": "minecraft:event_stun_grenade"
			}
		  },
		  {
		    "scheduled_event": {
			  "filters": {
			    "all_of": [
				  { "test": "has_equipment", "subject": "self", "domain": "hand", "value": "raigen:dynamite_stick" },
				  { "test": "is_sneaking", "subject": "self", "value": true }
				]
			  },
			  "event": "minecraft:event_dynamite_stick"
			}
		  },
		  {
		    "scheduled_event": {
			  "filters": {
			    "all_of": [
				  { "test": "has_equipment", "subject": "self", "domain": "hand", "value": "raigen:tear_gas" },
				  { "test": "is_sneaking", "subject": "self", "value": true }
				]
			  },
			  "event": "minecraft:event_tear_gas"
			}
		  },
		  {
		    "scheduled_event": {
			  "filters": {
			    "all_of": [
				  { "test": "has_equipment", "subject": "self", "domain": "hand", "value": "raigen:generic_bomb" },
				  { "test": "is_sneaking", "subject": "self", "value": true }
				]
			  },
			  "event": "minecraft:event_generic_bomb"
			}
		  },
		  {
		    "scheduled_event": {
			  "filters": {
			    "all_of": [
				  { "test": "has_equipment", "subject": "self", "domain": "hand", "value": "raigen:molotov" },
				  { "test": "is_sneaking", "subject": "self", "value": true }
				]
			  },
			  "event": "minecraft:event_molotov"
			}
		  },
		  {
		    "scheduled_event": {
			  "filters": {
			    "all_of": [
				  { "test": "has_equipment", "subject": "self", "domain": "hand", "value": "raigen:potassium_charge" },
				  { "test": "is_sneaking", "subject": "self", "value": true }
				]
			  },
			  "event": "minecraft:event_potassium_charge"
			}
		  },
		  {
		    "scheduled_event": {
			  "filters": {
			    "all_of": [
				  { "test": "has_equipment", "subject": "self", "domain": "hand", "value": "raigen:phosphorus_charge" },
				  { "test": "is_sneaking", "subject": "self", "value": true }
				]
			  },
			  "event": "minecraft:event_phosphorus_charge"
			}
		  },
		  {
		    "scheduled_event": {
			  "filters": {
			    "all_of": [
				  { "test": "has_equipment", "subject": "self", "domain": "hand", "value": "raigen:singularity_grenade" },
				  { "test": "is_sneaking", "subject": "self", "value": true }
				]
			  },
			  "event": "minecraft:event_singularity_grenade"
			}
		  },
		  {
		    "scheduled_event": {
			  "filters": {
			    "all_of": [
				  { "test": "has_equipment", "subject": "self", "domain": "hand", "value": "raigen:launcher_luft_3" },
				  { "test": "has_equipment", "subject": "self", "domain": "hand", "value": "raigen:launcher_luft_6" },
				  { "test": "has_equipment", "subject": "self", "domain": "hand", "value": "raigen:launcher_luft_12" },
				  { "test": "has_equipment", "subject": "self", "domain": "hand", "value": "raigen:launcher_luft_24" },
				  { "test": "has_equipment", "subject": "self", "domain": "hand", "value": "raigen:caber" },
				  { "test": "has_equipment", "subject": "self", "domain": "hand", "value": "raigen:tnt_stick" },
				  { "test": "has_equipment", "subject": "self", "domain": "hand", "value": "raigen:tnt_stick_x2" },
				  { "test": "has_equipment", "subject": "self", "domain": "hand", "value": "raigen:tnt_stick_x4" },
				  { "test": "has_equipment", "subject": "self", "domain": "hand", "value": "raigen:tnt_stick_x8" },
				  { "test": "has_equipment", "subject": "self", "domain": "hand", "value": "raigen:frag_grenade" },
				  { "test": "has_equipment", "subject": "self", "domain": "hand", "value": "raigen:smoke_grenade" },
				  { "test": "has_equipment", "subject": "self", "domain": "hand", "value": "raigen:stun_grenade" },
				  { "test": "has_equipment", "subject": "self", "domain": "hand", "value": "raigen:dynamite_stick" },
				  { "test": "has_equipment", "subject": "self", "domain": "hand", "value": "raigen:tear_gas" },
				  { "test": "has_equipment", "subject": "self", "domain": "hand", "value": "raigen:generic_bomb" },
				  { "test": "has_equipment", "subject": "self", "domain": "hand", "value": "raigen:molotov" },
				  { "test": "has_equipment", "subject": "self", "domain": "hand", "value": "raigen:potassium_charge" },
				  { "test": "has_equipment", "subject": "self", "domain": "hand", "value": "raigen:phosphorus_charge" },
				  { "test": "has_equipment", "subject": "self", "domain": "hand", "value": "raigen:singularity_grenade" }
				]
			  },
			  "event": "minecraft:event_normal_player"
			}
		  }
		]
	  },
      "minecraft:loot": {
        "table": "loot_tables/empty.json"
      },
      "minecraft:collision_box": {
        "width": 0.6,
        "height": 1.8
      },
      "minecraft:can_climb": {
      },
      "minecraft:movement": {
        "value": 0.1
      },
      "minecraft:attack": {
        "damage": 1
      },
      "minecraft:player.saturation": {
        "value": 20
      },
      "minecraft:player.exhaustion": {
        "value": 0,
        "max": 4
      },
      "minecraft:player.level": {
        "value": 0,
        "max": 24791
      },
      "minecraft:player.experience": {
        "value": 0,
        "max": 1
      },
      "minecraft:breathable": {
        "totalSupply": 15,
        "suffocateTime": -1,
        "inhaleTime": 3.75,
        "generatesBubbles": false
      },
      "minecraft:nameable": {
        "alwaysShow": true,
        "allowNameTagRenaming": false
      },
      "minecraft:physics": {
      },
      "minecraft:insomnia": {
        "days_until_insomnia": 3
      },
      "minecraft:rideable": {
        "seat_count": 2,
        "family_types": [
          "parrot_tame"
        ],
        "pull_in_entities": true,
        "seats": [
          {
            "position": [ 0.4, -0.15, 0.04 ],
            "min_rider_count": 0,
            "max_rider_count": 0,
            "lock_rider_rotation": 0
          },
          {
            "position": [ -0.4, -0.15, 0.04 ],
            "min_rider_count": 1,
            "max_rider_count": 2,
            "lock_rider_rotation": 0
          }
        ]
      },
      "minecraft:scaffolding_climber": {},
      "minecraft:environment_sensor": {
        "filters": {
          "all_of": [
            {
              "test": "has_mob_effect",
              "subject": "self",
              "value": "bad_omen"
            },
            {
              "test": "is_in_village",
              "subject": "self",
              "value": true
            }
          ]
        },
        "event": "minecraft:trigger_raid"
      }
    },

    "events": {
      "minecraft:event_launcher_luft_3": {
        "add": {
          "component_groups": [ "minecraft:launcher_luft_3" ]
        }
      },
      "minecraft:event_launcher_luft_6": {
        "add": {
          "component_groups": [ "minecraft:launcher_luft_6" ]
        }
      },
      "minecraft:event_launcher_luft_12": {
        "add": {
          "component_groups": [ "minecraft:launcher_luft_12" ]
        }
      },
      "minecraft:event_launcher_luft_24": {
        "add": {
          "component_groups": [ "minecraft:launcher_luft_24" ]
        }
      },
      "minecraft:event_caber": {
        "add": {
          "component_groups": [ "minecraft:caber" ]
        }
      },
      "minecraft:event_tnt_stick": {
        "add": {
          "component_groups": [ "minecraft:tnt_stick" ]
        }
      },
      "minecraft:event_tnt_stick_x2": {
        "add": {
          "component_groups": [ "minecraft:tnt_stick_x2" ]
        }
      },
      "minecraft:event_tnt_stick_x4": {
        "add": {
          "component_groups": [ "minecraft:tnt_stick_x4" ]
        }
      },
      "minecraft:event_tnt_stick_x8": {
        "add": {
          "component_groups": [ "minecraft:tnt_stick_x8" ]
        }
      },
      "minecraft:event_frag_grenade": {
        "add": {
          "component_groups": [ "minecraft:frag_grenade" ]
        }
      },
      "minecraft:event_smoke_grenade": {
        "add": {
          "component_groups": [ "minecraft:smoke_grenade" ]
        }
      },
      "minecraft:event_stun_grenade": {
        "add": {
          "component_groups": [ "minecraft:stun_grenade" ]
        }
      },
      "minecraft:event_dynamite_stick": {
        "add": {
          "component_groups": [ "minecraft:dynamite_stick" ]
        }
      },
      "minecraft:event_tear_gas": {
        "add": {
          "component_groups": [ "minecraft:tear_gas" ]
        }
      },
      "minecraft:event_generic_bomb": {
        "add": {
          "component_groups": [ "minecraft:generic_bomb" ]
        }
      },
      "minecraft:event_molotov": {
        "add": {
          "component_groups": [ "minecraft:molotov" ]
        }
      },
      "minecraft:event_potassium_charge": {
        "add": {
          "component_groups": [ "minecraft:potassium_charge" ]
        }
      },
      "minecraft:event_phosphorus_charge": {
        "add": {
          "component_groups": [ "minecraft:phosphorus_charge" ]
        }
      },
      "minecraft:event_singularity_grenade": {
        "add": {
          "component_groups": [ "minecraft:singularity_grenade" ]
        }
      },
	  
      "minecraft:event_normal_player": {
        "remove": {
          "component_groups": [
            "minecraft:launcher_luft_3",
            "minecraft:launcher_luft_6",
            "minecraft:launcher_luft_12",
            "minecraft:launcher_luft_24",
            "minecraft:caber",
            "minecraft:tnt_stick",
            "minecraft:tnt_stick_x2",
            "minecraft:tnt_stick_x4",
            "minecraft:tnt_stick_x8",
            "minecraft:frag_grenade",
            "minecraft:smoke_grenade",
            "minecraft:stun_grenade",
            "minecraft:dynamite_stick",
            "minecraft:tear_gas",
            "minecraft:generic_bomb",
            "minecraft:molotov",
            "minecraft:potassium_charge",
            "minecraft:phosphorus_charge",
            "minecraft:singularity_grenade"
          ]
        }
      },
      "minecraft:gain_bad_omen": {
        "add": {
          "component_groups": [
            "minecraft:add_bad_omen"
          ]
        }
      },
      "minecraft:clear_add_bad_omen": {
        "remove": {
          "component_groups": [
            "minecraft:add_bad_omen"
          ]
        },
        "add": {
          "component_groups": [
            "minecraft:clear_bad_omen_spell_effect"
          ]
        }
      },
      "minecraft:trigger_raid": {
        "add": {
          "component_groups": [ "minecraft:raid_trigger" ]
        }
      },
      "minecraft:remove_raid_trigger": {
        "remove": {
          "component_groups": [ "minecraft:raid_trigger" ]
        }
      }
    }
  }
}




