{
    "format_version": "1.16.100",
    "minecraft:block": {
        "description": {
            "identifier": "furniture:coconut",
            "properties": {
                "decor:face": [ 0, 1, 2, 3 ],
                "decor:coconut": [0, 1, 2, 3]
            }
        },
        "components": {
            "minecraft:material_instances": {
                "*": {
                    "texture": "coconut_1", 
                    "render_method": "alpha_test"
                }
            },
            "minecraft:geometry": "geometry.coconut_1",
            "minecraft:entity_collision": false,
            "minecraft:pick_collision": {
                "origin": [-8,0,-8],
                "size": [16,16,16]
            },
            "minecraft:destroy_time": 0.0,
            "minecraft:friction": 0.6,
            "minecraft:map_color": "#000000",
            "minecraft:block_light_absorption": 0.1,
            "minecraft:loot": "loot_tables/crops/coconut.json",
            "minecraft:random_ticking": {
                "on_tick": {
                    "event": "grow_stage"
                }
            },
            "minecraft:on_player_placing": { 
			   "event": "decor:face" 
		    },
            "minecraft:placement_filter": {
                "conditions": [
                    {
                        "allowed_faces": ["up", "north", "south", "east", "west"],
                        "block_filter": ["furniture:log_cocopalm"]
                    }
                ]
            }
        },
        "events": {
      "decor:face": {
        "set_block_property": {
          "decor:face": "query.cardinal_facing_2d-2"
        }
      },
      "turn_1": {
        "set_block_property": {
          "decor:coconut": 1
        },
       "spawn_loot": {
		  "table": "loot_tables/crops/coconut.json"
         }
      },
      "turn_0": {
        "set_block_property": {
          "decor:coconut": 0
        }
      },
      "grow_stage": {
        "set_block_property": {
          "decor:coconut": "(query.block_property('decor:coconut')<2) ? query.block_property('decor:coconut') + 2 : 3"
           }
         }
       },
        "permutations": [
            {
                "condition": "query.block_property('decor:face') == 0",
                "components": { "minecraft:rotation": [ 0, 180, 0 ] }
            }, {
                "condition": "query.block_property('decor:face') == 1",
                "components": { "minecraft:rotation": [ 0, 0, 0 ] }
            }, {
                "condition": "query.block_property('decor:face') == 2",
                "components": { "minecraft:rotation": [ 0, 270, 0 ] }
            },  {
                "condition": "query.block_property('decor:face') == 3",
                "components": { "minecraft:rotation": [ 0, 90, 0 ] }
            },
            {
                "condition": "query.block_property('decor:coconut') == 0",
                "components": {
		            "minecraft:geometry": "geometry.coconut_1",
                    "minecraft:material_instances": {
                        "*": {
                            "texture": "coconut_1",
                            "render_method": "alpha_test"
                        }
                    }
                }
            },
            {
                "condition": "query.block_property('decor:coconut') == 1",
                "components": {
		            "minecraft:geometry": "geometry.coconut_0",
                    "minecraft:random_ticking": {
                        "on_tick": {
                        "event": "turn_0"
                       }
                    },
                    "minecraft:material_instances": {
                        "*": {
                            "texture": "coconut_1",
                            "render_method": "alpha_test"
                        }
                    }
                }
            },
            {
                "condition": "query.block_property('decor:coconut') == 2",
                "components": {
		            "minecraft:geometry": "geometry.coconut_2",
                    "minecraft:material_instances": {
                        "*": {
                            "texture": "coconut_2",
                            "render_method": "alpha_test"
                        }
                    }
                }
            },
            {
                "condition": "query.block_property('decor:coconut') == 3",
                "components": {
		            "minecraft:geometry": "geometry.coconut_3",
					"minecraft:on_interact": {
						"event": "turn_1"
					},
                    "minecraft:material_instances": {
                        "*": {
                            "texture": "coconut_3",
                            "render_method": "alpha_test"
                        }
                    }
                }
            }
        ]
    }
}