{
	"format_version": "1.16.100",
	"minecraft:block": {
		"description": {
			"identifier": "furniture:cocopalm_trapdoor",
			"properties": {
				"decor:face": [ 0,1,2,3,4,5 ],
				"decor:open": [ 0, 1 ]
			}
		},
		"components": {
			"minecraft:material_instances": {
				"*": {
					"texture": "cocopalm_trapdoor",
					"render_method": "alpha_test"
				}
			},
			"minecraft:destroy_time": 2,
            "minecraft:block_light_absorption": 1,
			"minecraft:unwalkable": true,
			"minecraft:friction": 0.6,
			"minecraft:map_color": "#00ff00",
			"minecraft:flammable": {
				"flame_odds": 0,
				"burn_odds": 0
			},
			"minecraft:on_player_placing": {
				"event": "decor:face"
			},
			"tag:wood": {}
		},
		"permutations": [
			{
				"condition": "query.block_property('decor:face') == 0",
				"components": {
					"minecraft:rotation": [
						0,
						0,
						0
					],
					"minecraft:geometry": "geometry.cocopalm_trapdoor_close",
					"minecraft:on_interact": {
						"event": "decor:open"
					},
					"minecraft:pick_collision": {
						"origin": [ -8, 0, -8 ],
						"size": [ 16, 3, 16 ]
					},
					"minecraft:entity_collision": {
						"origin": [ -8, 0, -8 ],
						"size": [ 16, 3, 16 ]
					}
				}
			},
			{
				"condition": "query.block_property('decor:face') == 1",
				"components": {
					"minecraft:rotation": [
						0,
						0,
						180
					],
					"minecraft:geometry": "geometry.cocopalm_trapdoor_close",
					"minecraft:on_interact": {
						"event": "decor:open"
					},
					"minecraft:pick_collision": {
						"origin": [ -8, 0, -8 ],
						"size": [ 16, 3, 16 ]
					},
					"minecraft:entity_collision": {
						"origin": [ -8, 0, -8 ],
						"size": [ 16, 3, 16 ]
					}
				}
			},
			{
				"condition": "query.block_property('decor:face') == 2",
				"components": {
					"minecraft:rotation": [
						0,
						0,
						0
					],
					"minecraft:geometry": "geometry.cocopalm_trapdoor_close",
      "minecraft:block_light_absorption": 1,
					"minecraft:on_interact": {
						"event": "decor:open"
					},
					"minecraft:pick_collision": {
						"origin": [ -8, 0, -8 ],
						"size": [ 16, 3, 16 ]
					},
					"minecraft:entity_collision": {
						"origin": [ -8, 0, -8 ],
						"size": [ 16, 3, 16 ]
					}
				}
			},
			{
				"condition": "query.block_property('decor:face') == 3",
				"components": {
					"minecraft:rotation": [
						0,
						180,
						0
					],
					"minecraft:geometry": "geometry.cocopalm_trapdoor_close",
					"minecraft:on_interact": {
						"event": "decor:open"
					},
					"minecraft:pick_collision": {
						"origin": [ -8, 0, -8 ],
						"size": [ 16, 3, 16 ]
					},
					"minecraft:entity_collision": {
						"origin": [ -8, 0, -8 ],
						"size": [ 16, 3, 16 ]
					}
				}
			},
			{
				"condition": "query.block_property('decor:face') == 4",
				"components": {
					"minecraft:rotation": [
						0,
						90,
						0
					],
					"minecraft:geometry": "geometry.cocopalm_trapdoor_close",
					"minecraft:on_interact": {
						"event": "decor:open"
					},
					"minecraft:pick_collision": {
						"origin": [ -8, 0, -8 ],
						"size": [ 16, 3, 16 ]
					},
					"minecraft:entity_collision": {
						"origin": [ -8, 0, -8 ],
						"size": [ 16, 3, 16 ]
					}
				}
			},
			{
				"condition": "query.block_property('decor:face') == 5",
				"components": {
					"minecraft:rotation": [
						0,
						270,
						0
					],
					"minecraft:geometry": "geometry.cocopalm_trapdoor_close",
					"minecraft:on_interact": {
						"event": "decor:open"
					},
					"minecraft:pick_collision": {
						"origin": [ -8, 0, -8 ],
						"size": [ 16, 3, 16 ]
					},
					"minecraft:entity_collision": {
						"origin": [ -8, 0, -8 ],
						"size": [ 16, 3, 16 ]
					}
				}
			},
			{
				"condition": "query.block_property('decor:open') == 1",
				"components": {
					"minecraft:geometry": "geometry.cocopalm_trapdoor_open",
					"minecraft:on_interact": {
						"event": "decor:close"
					},
					"minecraft:pick_collision": {
						"origin": [ -8, 0, -8 ],
						"size": [ 16, 16, 3 ]
					},
					"minecraft:entity_collision": {
						"origin": [ -8, 0, -8 ],
						"size": [ 16, 16, 3 ]
					}
				}
			}
		],
		"events": {
			"decor:open": {
				"set_block_property": {
					"decor:open": "query.block_property('decor:open') +1"
				},
				"run_command": {
					"command": [
						"playsound random.door_open @a ~ ~ ~ 1"
					]
				}
			},
			"decor:close": {
				"set_block_property": {
					"decor:open": "query.block_property('decor:open') -1"
				},
				"run_command": {
					"command": [
						"playsound random.door_close @a ~ ~ ~ 1"
					]
				}
			},
			"decor:face": {
				"set_block_property": {
					"decor:face": "(query.cardinal_player_facing)",
					"decor:open": 0
				}
			}
		}
	}
}
