{
  "format_version": "1.16.100",
  "minecraft:block": {
    "description": {
      "identifier": "furniture:cocopalm_stairs",
      "properties": {
        "decor:flipped": [ false, true ],
        "decor:cardinal": [ 2, 3, 4, 5 ]
      }
    },
    "components": {
      "minecraft:on_player_placing": {
        "event": "update_facing_direction"
      },
      "minecraft:destroy_time": 2.5,
      "minecraft:explosion_resistance": 2.5,
      "minecraft:map_color": "#8F7748",
      "minecraft:breathability": "air",
      "minecraft:flammable": {
        "flame_odds": 30,
        "burn_odds": 30
      },
      "minecraft:block_light_absorption": 0,
      "minecraft:breakonpush": true,
      "minecraft:unwalkable": true,
      "minecraft:geometry": "geometry.cocopalm_stairs",
      "minecraft:on_player_placing": {
        "event": "decor:init",
        "target": "self"
      },
      "minecraft:material_instances" : {
        "*": {
          "texture": "planks_cocopalm",
          "render_method": "alpha_test"
        }
      },
      "minecraft:entity_collision": {
        "origin": [-8, 0, 0],
        "size": [16, 8, 8]
        },
        "minecraft:pick_collision": {
        "origin": [-8, 0, -8],
        "size": [16, 16, 16]
        },
      "tag:wood": {}
    },
    "permutations": [
      {
        "condition": "q.block_property('decor:flipped') == false && q.block_property('decor:cardinal') == 2",
        "components": { "minecraft:rotation": [ 0, 0, 0 ] }
      },
      {
        "condition": "q.block_property('decor:flipped') == false && q.block_property('decor:cardinal') == 3",
        "components": { "minecraft:rotation": [ 0, 180, 0 ] }
      },
      {
        "condition": "q.block_property('decor:flipped') == false && q.block_property('decor:cardinal') == 4",
        "components": { "minecraft:rotation": [ 0, 90, 0 ] }
      },
      {
        "condition": "q.block_property('decor:flipped') == false && q.block_property('decor:cardinal') == 5",
        "components": { "minecraft:rotation": [ 0, 270, 0 ] }
      },
      {
        "condition": "q.block_property('decor:flipped') == true && q.block_property('decor:cardinal') == 2",
        "components": {
		"minecraft:geometry": "geometry.cocopalm_stairs_1",
        "minecraft:entity_collision": {
        "origin": [-8, 0, -8],
        "size": [16, 16, 16]
        },
		"minecraft:rotation": [ 0, 180, 0 ]
		}
      },
      {
        "condition": "q.block_property('decor:flipped') == true && q.block_property('decor:cardinal') == 3",
        "components": {
		"minecraft:geometry": "geometry.cocopalm_stairs_1",
        "minecraft:entity_collision": {
        "origin": [-8, 0, -8],
        "size": [16, 16, 16]
        },
		"minecraft:rotation": [ 0, 0, 0 ]
		}
      },
      {
        "condition": "q.block_property('decor:flipped') == true && q.block_property('decor:cardinal') == 4",
        "components": {
		"minecraft:geometry": "geometry.cocopalm_stairs_1",
        "minecraft:entity_collision": {
        "origin": [-8, 0, -8],
        "size": [16, 16, 16]
        },
		"minecraft:rotation": [ 0, 270, 0 ]
		}
      },
      {
        "condition": "q.block_property('decor:flipped') == true && q.block_property('decor:cardinal') == 5",
        "components": {
		"minecraft:geometry": "geometry.cocopalm_stairs_1",
        "minecraft:entity_collision": {
        "origin": [-8, 0, -8],
        "size": [16, 16, 16]
        },
		"minecraft:rotation": [ 0, 90, 0 ]
		}
      }
    ],
    "events": {
      "decor:init": {
        "sequence": [
          {
            "set_block_property": {
              "decor:flipped": "query.cardinal_player_facing == 1 || query.block_face == 0"
            }
          },
          {
            "set_block_property": {
              "decor:cardinal": "query.cardinal_facing_2d"
            }
          }
        ]
      }
    }
  }
}
 
