{
  "format_version": "1.16.100",
  "minecraft:block": {
    "description": {
      "identifier": "furniture:cocopalm_sapling",
      "category": "nature"
    },
    "components": {
      "minecraft:material_instances": {
        "*": {
          "texture": "cocopalm_sapling",
          "render_method": "alpha_test"
        }
      },
      "minecraft:pick_collision": {
          "origin": [ -8, 0, -8 ],
          "size": [ 16, 16, 16 ]
      },
      "minecraft:block_light_absorption": 0,
      "minecraft:loot": "loot_tables/cocopalm/cocopalm_sapling.json",
      "minecraft:geometry": "geometry.cocopalm_sapling",
      "minecraft:destroy_time": 0.01,
      "minecraft:entity_collision": false,
      "minecraft:friction": 0.6,
      "minecraft:flammable": {
        "flame_odds": 0,
        "burn_odds": 0
      },
      "minecraft:random_ticking": {
        "on_tick": {
          "event": "decor:grow_natural",
          "target": "self"
        }
      },
      "minecraft:placement_filter": {
        "conditions": [
          {
            "block_filter": [
              "minecraft:dirt",
              "minecraft:grass",
              "minecraft:podzol",
              "minecraft:sand"
            ],
            "allowed_faces": [
              "up"
            ]
          }
        ]
      },
      "minecraft:breakonpush": true,
      "minecraft:breathability": "air"
    },
    "events": {
   "decor:grow_natural": {
        "randomize": [
            {
                "weight": 1,
               "run_command": {
               "command": "structure load mystructure:cocopalm_1 ~-4~~-2 0_degrees none block_by_block",
               "target": "self"
                }  
            },
            {
                "weight": 2,
               "run_command": {
               "command": "structure load mystructure:cocopalm_2 ~-4~~-2 0_degrees none block_by_block",
               "target": "self"
                        } 
                    }
                ]
            } 
        }
    }
}
