{
    "format_version": "1.16.100",
    "minecraft:block": {
        "description": {
            "identifier": "furniture:log_cocopalm",
            "properties": {
                "decor:face": [ 0, 1, 2 ]
            }
        },
        "components": {
      "minecraft:destroy_time": 4.0,
      "minecraft:friction": 0.6,
      "minecraft:map_color": "#00ff00",
      "minecraft:flammable": {
        "flame_odds": 50,
        "burn_odds": 0
      },
      "minecraft:on_player_placing": {
        "event": "update:face"
      },
      "minecraft:unit_cube": {},
      "minecraft:material_instances" : {
        "*" : {
          "texture": "log_cocopalm",
          "render_method": "opaque"
        },
        "ends" : {
          "texture": "log_cocopalm_top",
          "render_method": "opaque"
        },
        "up" : "ends",
        "down": "ends"
      },
      "tag:wood": {}
    },
        "events": {
			"update:face": {
				"set_block_property": {
					"decor:face": "math.floor(query.block_face / 2)"
                }
            }
        },
        "permutations": [
			{
				"condition": "query.block_property('decor:face') == 0",
				"components": {
					"minecraft:rotation" : [0.0, 0.0, 0.0]
				}
			},
			{
				"condition": "query.block_property('decor:face') == 1",
				"components": {
					"minecraft:rotation" : [90.0, 0.0, 0.0]
				}
			},
			{
				"condition": "query.block_property('decor:face') == 2",
				"components": {
					"minecraft:rotation" : [0.0, 0.0, 90.0]
                }
            }
        ]
    }
}
