{
    "format_version": "1.16.100",
    "minecraft:block": {
        "description": {
            "identifier": "furniture:planks_cocopalm"
        },
        "components": {
            "minecraft:material_instances": {
                "*": {
                    "texture": "planks_cocopalm",
                    "render_method": "opaque"
                }
            },
            "minecraft:loot": "loot_tables/cocopalm/planks_cocopalm.json",
            "minecraft:unit_cube": {},
            "minecraft:destroy_time": 2.0,
			"minecraft:block_light_absorption": 0.0,
            "minecraft:unwalkable": true
    }
  }
}
