{
  "format_version": "1.8.0",
  "render_controllers": {
    "controller.render.variant_place_launcher": {
	  "arrays": {
	    "textures": {
		  "Array.skins": [
            "Texture.launcher_empty",
            "Texture.launcher_luft_3",
            "Texture.launcher_luft_6",
            "Texture.launcher_luft_12",
            "Texture.launcher_luft_24"
		  ]
		}
	  },
      "geometry": "Geometry.default",
      "materials": [ { "*": "Material.default" } ],
      "textures": [ "Array.skins[query.variant]" ]
    }
  }
}