{
  "format_version": "1.16.100",
  "minecraft:item": {
    "description": {
      "identifier": "furniture:butter",
	  "category": "Equipment"
    },
    "components": {
	"minecraft:creative_category": {
		"parent": "itemGroup.name.miscFood"
	}, 
   "minecraft:icon": {
       "texture": "butter"
    }, 
	    "minecraft:use_duration": 2,
	    "minecraft:use_animation": "eat",
		"minecraft:max_stack_size": 16,
	    "minecraft:food":{
		"nutrition": 3,
		"saturation_modifier": "low"
		},
     "minecraft:display_name": {}
    }
  }
}
