{
  "format_version": "1.16.100",
  "minecraft:item": {
    "description": {
      "identifier": "furniture:coconut_item",
	  "category": "Items"
    },
    "components": {
      "minecraft:creative_category": {
        "parent": "itemGroup.name.miscFood"
      },
      "minecraft:icon": {
       "texture": "coconut"
      }, 
      "minecraft:block_placer": {
        "block": "furniture:cocopalm_sapling",
        "use_block_description": true
      },
	  "minecraft:hand_equipped": false,
      "minecraft:max_stack_size": 64,
      "minecraft:display_name": {}
    }
  }
}
