{
	"format_version": "1.16.100",
	"minecraft:item": {
		"description": {
			"category": "equipment",
			"identifier": "furniture:knife"
		},
		"components": {
            "minecraft:icon": {
                "texture": "knife"
            }, 
			"minecraft:creative_category": {
				"parent": "itemGroup.name.sword"
			},
			"minecraft:max_stack_size": 1,
			"minecraft:use_duration": 3600,
			"minecraft:hand_equipped": true,
			"minecraft:damageable": {
				"max_damage": 150,
				"repair_items": [
					"furniture:knife"
				]
			},
			"minecraft:mining_speed": 1.5,
			"minecraft:damage": 5,
			"minecraft:enchantable": {
				"value": 14,
				"slot": "Sword"
			},
			"minecraft:can_destroy_in_creative": false,
			"minecraft:digger": {
				"use_efficiency": true,
				"destroy_speeds": [
					{
						"block": "minecraft:web",
						"speed": 12
					},
					{
						"block": "minecraft:bamboo",
						"speed": 8
					}
				]
			},
			"minecraft:weapon": {},
			"tag:minecraft:is_sword": {},
    "minecraft:display_name": {}
		}
	}
}
