{
  "format_version": "1.16.100",
  "minecraft:item": {
    "description": {
      "identifier": "furniture:mug_coffee",
	  "category": "Equipment"
    },
    "components": {
	"minecraft:creative_category": {
		"parent": "itemGroup.name.miscFood"
	}, 
   "minecraft:icon": {
       "texture": "mug_coffee"
    }, 
	    "minecraft:use_duration": 2,
	    "minecraft:use_animation": "eat",
		"minecraft:max_stack_size": 16,
	    "minecraft:food":{
		"nutrition": 6,
		"saturation_modifier": "normal",
		"using_converts_to": "furniture:mug",
		"can_always_eat": true
		},
     "minecraft:display_name": {}
    }
  }
}
