{
  "format_version": "1.16.100",
  "minecraft:item": {
    "description": {
    "category":"equipment",
      "identifier": "furniture:orange_gamer_headset"
    },
    "components": {
   "minecraft:icon": {
       "texture": "orange_gamer_headset"
    },               
    "minecraft:creative_category": {
   "parent":"itemGroup.name.helmet"
    },
      "minecraft:max_stack_size": 1,
      "minecraft:enchantable": {
        "value": 10,
        "slot": "armor_head"
      },
      "minecraft:damageable": {
        "max_damage": 320,
        "damage_chance": {
          "min": 60,
          "max": 100
        }
      },
      "minecraft:mining_speed": 8,
      "minecraft:damage": 3,
      "minecraft:armor": {
        "protection": 4
      },
      "minecraft:wearable": {
        "slot": "slot.armor.head"
      },
     "minecraft:display_name": {}
    }
  }
}
