{
  "format_version": "1.16.100",
  "minecraft:item": {
    "description": {
    "category":"equipment",
      "identifier": "furniture:shirt_orange"
    },
    "components": {
   "minecraft:icon": {
       "texture": "shirt_orange"
    },               
    "minecraft:creative_category": {
   "parent":"itemGroup.name.chestplate"
    },        
      "minecraft:max_stack_size": 1,
      "minecraft:enchantable": {
        "value": 9,
        "slot": "armor_torso"
      },
      "minecraft:damageable": {
        "max_damage": 450,
        "damage_chance": {
          "min": 60,
          "max": 100
        }
      },
      "minecraft:mining_speed": 8,
      "minecraft:damage": 3,
      "minecraft:armor": {
        "protection": 9
      },
      "minecraft:wearable": {
        "slot": "slot.armor.chest"
      },
     "minecraft:display_name": {}
    }
  }
}
