 {
    "format_version": "1.16.100",
    "minecraft:block": {
        "description": {
            "identifier": "furniture:tv",
            "properties": {
                "decor:face": [ 0, 1, 2, 3 ],
                "decor:channel": [ 0, 1, 2, 3, 4, 5 ]
            }
        },
        "components": {
            "minecraft:material_instances": {
                "*": {
                    "texture": "tv",
                    "render_method": "alpha_test"
                }
            },
            "minecraft:pick_collision": {
                "origin": [ -8, 0, -2 ],
                "size": [ 16, 16, 6 ]
            },
            "minecraft:loot": "loot_tables/living_room/tv.json",
            "minecraft:geometry": "geometry.tv",
            "minecraft:destroy_time": 2.0,
			"minecraft:block_light_absorption": 0.0,
            "minecraft:unwalkable": true,
            "minecraft:entity_collision": {
                "origin": [ -8.0, 0.0, -2.0 ],
                "size": [ 16, 16, 6 ]
            },

            "minecraft:friction": 0.6,
            "minecraft:map_color": "#00ff00",
            "minecraft:flammable": {
                "flame_odds": 0,
                "burn_odds": 0
            },

       "minecraft:on_interact": { 
        "event": "decor:channel0",
        "condition": "query.get_equipped_item_name=='remote_control'"
       },
      "minecraft:on_player_placing": { 
        "event": "decor:face" 
        },
      "minecraft:on_player_destroyed": { 
        "event": "decor:stopsound" 
        }
     },
        "permutations": [
            {
                "condition": "query.block_property('decor:face') == 0",
                "components": { "minecraft:rotation": [ 0, 180, 0 ] }
            }, {
                "condition": "query.block_property('decor:face') == 1",
                "components": { "minecraft:rotation": [ 0, 0, 0 ] }
            }, {
                "condition": "query.block_property('decor:face') == 2",
                "components": { "minecraft:rotation": [ 0, 270, 0 ] }
            },  {
                "condition": "query.block_property('decor:face') == 3",
                "components": { "minecraft:rotation": [ 0, 90, 0 ] }
            },
            {
                "condition": "query.block_property('decor:channel') == 1",
                "components": {
                             "minecraft:block_light_emission": 1.0,
                             "minecraft:on_interact": { 
                                "event": "decor:channel1",
                                "condition": "query.get_equipped_item_name=='remote_control'"
							}, 
							"minecraft:material_instances": {
                        "*": {
                            "texture": "tv_nyan_cat",
                            "render_method": "alpha_test"
						}
					}
				}
			},
            {
                "condition": "query.block_property('decor:channel') == 2",
                "components": {
                             "minecraft:block_light_emission": 1.0,
                             "minecraft:on_interact": { 
                                "event": "decor:off",
                                "condition": "query.get_equipped_item_name=='remote_control'"
							}, 
							"minecraft:material_instances": {
                        "*": {
                            "texture": "tv_agatha",
                            "render_method": "alpha_test"
						}
					}
				}
			}
        ],
        "events": {
            "decor:face": {
                "set_block_property": {
                   "decor:face": "query.cardinal_facing_2d-2"
                }
            },
            "decor:channel0": {
			    "sequence": [
				{
                "set_block_property": {
                    "decor:channel": 1
                },
                "run_command": {
                    "command": "playsound tv.nyan @a ~~~ 1 1"
					    }
                    }
			    ]
            },
            "decor:channel1": {
			    "sequence": [
				{
                "set_block_property": {
                    "decor:channel": 2
                },
                "run_command": {
                    "command": ["playsound tv.agatha @a ~~~ 1 1", "stopsound @a tv.nyan"]
					    }
                    }
			    ]
            },
            "decor:off": {
			    "sequence": [
				{
                "run_command": {
                    "command": "stopsound @a tv.agatha"
                },
                "set_block_property": {
                    "decor:channel": 0
					    }
                    }
			    ]
            },
            "decor:stopsound": {
                "run_command": {
                    "command": "stopsound @a"
                }
            }
        }
    }
}
