{
    "format_version": "1.16.100",
    "minecraft:block": {
        "description": {
            "identifier": "furniture:bar_stool",
            "properties": {
                "decor:face": [ 0, 1, 2, 3 ],
                "decor:color": [  0, 1, 2, 3, 4, 5, 6, 7, 8, 9, 10, 11, 12, 13, 14, 15  ]
            }
        },
        "components": {
            "minecraft:material_instances": {
                "*": {
                    "texture": "bar_stool_white",
                    "render_method": "opaque"
                }
            },
            "minecraft:loot": "loot_tables/kitchen/bar_stool.json",
            "minecraft:geometry": "geometry.bar_stool",
            "minecraft:destroy_time": 2.0,
			"minecraft:block_light_absorption": 0.0,
            "minecraft:unwalkable": true,
            "minecraft:entity_collision": {
                "origin": [ -6.0, 0.0, -6.0 ],
                "size": [ 12, 13, 12 ]
            },
            "minecraft:pick_collision": {
                "origin": [ -6, 0, -6 ],
                "size": [ 12, 13, 12 ]
            },
            "minecraft:on_player_placing": { "event": "decor:face" },
            "minecraft:on_interact": {
               "condition": "!query.is_sneaking",
               "event": "decor:interact"
            },
            "minecraft:ticking": {
               "looping": false,
               "range": [ 0.0, 0.0 ],
               "on_tick": {
                "event": "decor:sit"
              }
           }
        },
        "permutations": [
            {
                "condition": "query.block_property('decor:face') == 0",
                "components": { "minecraft:rotation": [ 0, 180, 0 ] }
            }, {
                "condition": "query.block_property('decor:face') == 1",
                "components": { "minecraft:rotation": [ 0, 0, 0 ] }
            }, {
                "condition": "query.block_property('decor:face') == 2",
                "components": { "minecraft:rotation": [ 0, 270, 0 ] }
            },  {
                "condition": "query.block_property('decor:face') == 3",
                "components": { "minecraft:rotation": [ 0, 90, 0 ] }
            },
            {
                "condition": "query.block_property('decor:color')==1",
                "components": {
                    "minecraft:material_instances": {
                        "*": {
                            "texture": "bar_stool_black",
                            "render_method": "alpha_test"
					    }
				    }
				}
            },
            {
                "condition": "query.block_property('decor:color')==2",
                "components": {
                    "minecraft:material_instances": {
                        "*": {
                            "texture": "bar_stool_gray",
                            "render_method": "alpha_test"
					    }
				    }
				}
            },
            {
                "condition": "query.block_property('decor:color')==3",
                "components": {
                    "minecraft:material_instances": {
                        "*": {
                            "texture": "bar_stool_silver",
                            "render_method": "alpha_test"
					    }
				    }
				}
            },
            {
                "condition": "query.block_property('decor:color')==4",
                "components": {
                    "minecraft:material_instances": {
                        "*": {
                            "texture": "bar_stool_brown",
                            "render_method": "alpha_test"
					    }
				    }
				}
            },
            {
                "condition": "query.block_property('decor:color')==5",
                "components": {
                    "minecraft:material_instances": {
                        "*": {
                            "texture": "bar_stool_cyan",
                            "render_method": "alpha_test"
					    }
				    }
				}
            },
            {
                "condition": "query.block_property('decor:color')==6",
                "components": {
                    "minecraft:material_instances": {
                        "*": {
                            "texture": "bar_stool_red",
                            "render_method": "alpha_test"
					    }
				    }
				}
            },
            {
                "condition": "query.block_property('decor:color')==7",
                "components": {
                    "minecraft:material_instances": {
                        "*": {
                            "texture": "bar_stool_orange",
                            "render_method": "alpha_test"
					    }
				    }
				}
            },
            {
                "condition": "query.block_property('decor:color')==8",
                "components": {
                    "minecraft:material_instances": {
                        "*": {
                            "texture": "bar_stool_yellow",
                            "render_method": "alpha_test"
					    }
				    }
				}
            },
            {
                "condition": "query.block_property('decor:color')==9",
                "components": {
                    "minecraft:material_instances": {
                        "*": {
                            "texture": "bar_stool_green",
                            "render_method": "alpha_test"
					    }
				    }
				}
            },
            {
                "condition": "query.block_property('decor:color')==10",
                "components": {
                    "minecraft:material_instances": {
                        "*": {
                            "texture": "bar_stool_lime",
                            "render_method": "alpha_test"
					    }
				    }
				}
            },
            {
                "condition": "query.block_property('decor:color')==11",
                "components": {
                    "minecraft:material_instances": {
                        "*": {
                            "texture": "bar_stool_blue",
                            "render_method": "alpha_test"
					    }
				    }
				}
            },
            {
                "condition": "query.block_property('decor:color')==12",
                "components": {
                    "minecraft:material_instances": {
                        "*": {
                            "texture": "bar_stool_light_blue",
                            "render_method": "alpha_test"
					    }
				    }
				}
            },
            {
                "condition": "query.block_property('decor:color')==13",
                "components": {
                    "minecraft:material_instances": {
                        "*": {
                            "texture": "bar_stool_pink",
                            "render_method": "alpha_test"
					    }
				    }
				}
            },
            {
                "condition": "query.block_property('decor:color')==14",
                "components": {
                    "minecraft:material_instances": {
                        "*": {
                            "texture": "bar_stool_magenta",
                            "render_method": "alpha_test"
					    }
				    }
				}
            },
            {
                "condition": "query.block_property('decor:color')==15",
                "components": {
			        "minecraft:on_interact": {
                        "condition": "!query.is_sneaking",
                        "event": "normal"
                    },
                    "minecraft:material_instances": {
                        "*": {
                            "texture": "bar_stool_purple",
                            "render_method": "alpha_test"
					    }
				    }
				}
            }
        ],
        "events": {
      "decor:sit": {
        "sequence": [
          {
            "condition": "query.block_property('decor:face') == 0",
            "run_command": {
              "command": "summon furniture:bar_stool_sit"
            }
          },
          {
            "condition": "query.block_property('decor:face') == 1",
            "run_command": {
              "command": "summon furniture:bar_stool_sit ~ ~ ~ facing_south"
            }
          },
          {
            "condition": "query.block_property('decor:face') == 2",
            "run_command": {
              "command": "summon furniture:bar_stool_sit ~ ~ ~ facing_west"
            }
          },
          {
            "condition": "query.block_property('decor:face') == 3",
            "run_command": {
              "command": "summon furniture:bar_stool_sit ~ ~ ~ facing_east"
            }
          }
        ]
      },
            "decor:interact": {
			"sequence":[
			  {
			    "trigger":{
				  "target": "self",
				  "event": "colorful_brush"
				},
				"condition": "query.get_equipped_item_name('main_hand')== 'colorful_brush'"
			        },
			  {
			    "trigger":{
				  "target": "self",
				  "event": "sit"
				},
				"condition": "query.get_equipped_item_name!= 'colorful_brush'"
			        }
		        ]
            },
            "colorful_brush": {
                "set_block_property": {
                    "decor:color": "query.block_property('decor:color') +1"
                }
            },
            "normal": {
                "set_block_property": {
                    "decor:color": 0
                }
            },
      "sit": {
        "sequence": [
          {
            "run_command": {
              "command": "tag @s add player_bar_stool_interact",
              "target": "other"
            }
          },
          {
            "run_command": {
              "command": "event entity @e[type=furniture:bar_stool_sit, r=0.01] player_interact"
            }
          }
        ]
      }
    },              
      "decor:face": {
        "set_block_property": {
          "decor:face": "query.cardinal_facing_2d-2"
        }
      }
    }
  }
}
