{
    "format_version": "1.16.100",
    "minecraft:block": {
        "description": {
            "identifier": "furniture:coffee_machine",
            "properties": {
                "decor:face": [ 0, 1, 2, 3 ],
                "decor:coffee": [ 0, 1, 2, 3, 4 ]
            }
        },
        "components": {
            "minecraft:material_instances": {
                "*": {
                    "texture": "coffee_machine_off",
                    "render_method": "alpha_test"
                }
            },
            "minecraft:pick_collision": {
                "origin": [ -6, 0, -6 ],
                "size": [ 12, 16, 14 ]
            },
            "minecraft:loot": "loot_tables/kitchen/coffee_machine.json",
            "minecraft:geometry": "geometry.coffee_machine",
            "minecraft:destroy_time": 2.0,
			"minecraft:block_light_absorption": 0.0,
            "minecraft:unwalkable": true,
            "minecraft:entity_collision": {
                "origin": [ -6.0, 0.0, -6.0 ],
                "size": [ 12, 16, 14 ]
            },

            "minecraft:friction": 0.6,
            "minecraft:map_color": "#00ff00",
            "minecraft:flammable": {
                "flame_odds": 0,
                "burn_odds": 0
            },

            "minecraft:on_interact": { 
			"event": "decor:toggle",
			"condition": "query.get_equipped_item_name=='cocoa_beans'"
			},
            "minecraft:on_player_placing": { "event": "decor:face" }
        },
        "permutations": [
            {
                "condition": "query.block_property('decor:face') == 0",
                "components": { "minecraft:rotation": [ 0, 180, 0 ] }
            }, {
                "condition": "query.block_property('decor:face') == 1",
                "components": { "minecraft:rotation": [ 0, 0, 0 ] }
            }, {
                "condition": "query.block_property('decor:face') == 2",
                "components": { "minecraft:rotation": [ 0, 270, 0 ] }
            },  {
                "condition": "query.block_property('decor:face') == 3",
                "components": { "minecraft:rotation": [ 0, 90, 0 ] }
            },
            {
                "condition": "query.block_property('decor:coffee')==1",
                "components": {
                    "minecraft:geometry": "geometry.coffee_machine",
			        "minecraft:block_light_absorption": 0.0,
			        "minecraft:on_interact": { 
			          "event": "decor:toggle",
			          "condition": "query.get_equipped_item_name=='mug'"
			           },
                    "minecraft:material_instances": {
                        "*": {
                            "texture": "coffee_machine_on",
                            "render_method": "alpha_test"
					    }
				    }
				}
            },
            {
                "condition": "query.block_property('decor:coffee')==2",
                "components": {
                    "minecraft:geometry": "geometry.coffee_machine_mug",
			        "minecraft:block_light_absorption": 0.0,
		            "minecraft:on_interact": { 
			          "event": "coffee_1"
			        },
                    "minecraft:material_instances": {
                        "*": {
                            "texture": "coffee_machine_mug",
                            "render_method": "alpha_test"
					    }
				    }
				}
            },
            {
                "condition": "query.block_property('decor:coffee')==3",
                "components": {
                    "minecraft:geometry": "geometry.coffee_machine_coffee_1",
			        "minecraft:block_light_absorption": 0.0,
		            "minecraft:on_interact": { 
			          "event": "nothing"
			        },
                    "minecraft:ticking": {
                     "looping": true,
                     "range": [ 5, 5 ],
                     "on_tick": {
                     "event": "coffee_ready"
                         }
                      },
                    "minecraft:material_instances": {
                        "*": {
                            "texture": "coffee_machine_coffee",
                            "render_method": "alpha_test"
					    }
				    }
				}
            },
            {
                "condition": "query.block_property('decor:coffee')==4",
                "components": {
                    "minecraft:geometry": "geometry.coffee_machine_coffee_ready",
			        "minecraft:block_light_absorption": 0.0,
		            "minecraft:on_interact": { 
			          "event": "take_coffee"
			        },
                    "minecraft:material_instances": {
                        "*": {
                            "texture": "coffee_machine_coffee",
                            "render_method": "alpha_test"
					    }
				    }
				}
            }
        ],
        "events": {
            "decor:face": {
                 "set_block_property": {
                    "decor:face": "query.cardinal_facing_2d-2"
                }
            },
            "decor:toggle": {
                "set_block_property": {
                    "decor:coffee": "query.block_property('decor:coffee')+1"
                },
				"decrement_stack": {}
            },
            "coffee_1": {
                "set_block_property": {
                    "decor:coffee": 3
                }
            },
            "coffee_ready": {
                "set_block_property": {
                    "decor:coffee": 4
                }
            },
            "take_coffee": {
                "set_block_property": {
                    "decor:coffee": 0
                },
            "spawn_loot": {
		       "table": "loot_tables/foods/mug_coffee.json"
                }
            }
        }
    }
}