{
    "format_version": "1.16.100",
    "minecraft:block": {
        "description": {
            "identifier": "furniture:cutting_board",
            "properties": {
                "decor:face": [ 0, 1, 2, 3 ],
                "decor:bread": [ 0, 1, 2 ]
            }
        },
        "components": {
            "minecraft:material_instances": {
                "*": {
                    "texture": "cutting_board",
                    "render_method": "alpha_test"
                }
            },
            "minecraft:pick_collision": {
                "origin": [ -5, 0, -5 ],
                "size": [ 10, 3, 10 ]
            },
            "minecraft:loot": "loot_tables/kitchen/cutting_board.json",
            "minecraft:geometry": "geometry.cutting_board",
            "minecraft:destroy_time": 2.0,
			"minecraft:block_light_absorption": 0.0,
            "minecraft:unwalkable": true,
            "minecraft:entity_collision": {
                "origin": [ -5.0, 0.0, -5.0 ],
                "size": [ 10, 3, 10 ]
            },

            "minecraft:friction": 0.6,
            "minecraft:map_color": "#00ff00",
            "minecraft:flammable": {
                "flame_odds": 0,
                "burn_odds": 0
            },
            "minecraft:on_interact": { 
			"event": "decor:toggle",
			"condition": "query.get_equipped_item_name=='bread'"
			},
            "minecraft:on_player_placing": { "event": "decor:face" }
        },
        "permutations": [
            {
                "condition": "query.block_property('decor:face') == 0",
                "components": { "minecraft:rotation": [ 0, 180, 0 ] }
            }, {
                "condition": "query.block_property('decor:face') == 1",
                "components": { "minecraft:rotation": [ 0, 0, 0 ] }
            }, {
                "condition": "query.block_property('decor:face') == 2",
                "components": { "minecraft:rotation": [ 0, 270, 0 ] }
            },  {
                "condition": "query.block_property('decor:face') == 3",
                "components": { "minecraft:rotation": [ 0, 90, 0 ] }
            },
            {
                "condition": "query.block_property('decor:bread')==1",
                "components": {
                    "minecraft:geometry": "geometry.cutting_board_bread",
                    "minecraft:on_interact": { 
			          "event": "decor:slice",
			          "condition": "query.get_equipped_item_name=='knife'"
			          },
			        "minecraft:block_light_absorption": 0.0,
                    "minecraft:material_instances": {
                        "*": {
                            "texture": "cutting_board",
                            "render_method": "alpha_test"
					    }
				    }
				}
            },
            {
                "condition": "query.block_property('decor:bread')==2",
                "components": {
                    "minecraft:geometry": "geometry.cutting_board_slice",
                    "minecraft:on_interact": { 
			          "event": "decor:normal"
			          },
			        "minecraft:block_light_absorption": 0.0,
                    "minecraft:material_instances": {
                        "*": {
                            "texture": "cutting_board_slice",
                            "render_method": "alpha_test"
					    }
				    }
				}
            }
        ],
        "events": {
            "decor:face": {
                "set_block_property": {
                     "decor:face": "query.cardinal_facing_2d-2"
                }
            },
            "decor:toggle": {
                "set_block_property": {
                    "decor:bread": "query.block_property('decor:bread')+1"
                },
				"decrement_stack": {}
            },
            "decor:slice": {
                "set_block_property": {
                    "decor:bread": 2
                }
            },
            "decor:normal": {
                "set_block_property": {
                    "decor:bread": 0
                },
            "spawn_loot": {
		       "table": "loot_tables/foods/slice.json"
                }
            }
        }
    }
}