{
    "format_version": "1.16.100",
    "minecraft:block": {
        "description": {
            "identifier": "furniture:jar",
            "properties": {
                "decor:cookie": [ 0, 1, 2, 3, 4, 5, 6 ]
            }
        },
        "components": {
            "minecraft:material_instances": {
                "*": {
                    "texture": "jar",
                    "render_method": "alpha_test"
                }
            },
            "minecraft:pick_collision": {
                "origin": [ -4, 0, -4 ],
                "size": [ 8, 10, 8 ]
            },
            "minecraft:loot": "loot_tables/kitchen/jar.json",
            "minecraft:geometry": "geometry.jar",
            "minecraft:destroy_time": 2.0,
			"minecraft:block_light_absorption": 0.0,
            "minecraft:unwalkable": true,
            "minecraft:entity_collision": {
                "origin": [ -4.0, 0.0, -4.0 ],
                "size": [ 8, 10, 8 ]
            },

            "minecraft:friction": 0.6,
            "minecraft:map_color": "#00ff00",
            "minecraft:flammable": {
                "flame_odds": 0,
                "burn_odds": 0
            },

            "minecraft:on_interact": { 
			"event": "decor:toggle",
			"condition": "query.get_equipped_item_name=='cookie'"
			}
        },
        "permutations": [
            {
                "condition": "query.block_property('decor:cookie')==1",
                "components": {
                    "minecraft:geometry": "geometry.jar_cookie_1",
                    "minecraft:on_interact": { 
			           "event": "interact1"
					},
			        "minecraft:block_light_absorption": 0.0,
                    "minecraft:material_instances": {
                        "*": {
                            "texture": "jar_cookie",
                            "render_method": "alpha_test"
					    }
				    }
				}
            },
            {
                "condition": "query.block_property('decor:cookie')==2",
                "components": {
                    "minecraft:geometry": "geometry.jar_cookie_2",
                    "minecraft:on_interact": { 
			           "event": "interact2"
					},
			        "minecraft:block_light_absorption": 0.0,
                    "minecraft:material_instances": {
                        "*": {
                            "texture": "jar_cookie",
                            "render_method": "alpha_test"
					    }
				    }
				}
            },
            {
                "condition": "query.block_property('decor:cookie')==3",
                "components": {
                    "minecraft:geometry": "geometry.jar_cookie_3",
                    "minecraft:on_interact": { 
			           "event": "interact3"
					},
			        "minecraft:block_light_absorption": 0.0,
                    "minecraft:material_instances": {
                        "*": {
                            "texture": "jar_cookie",
                            "render_method": "alpha_test"
					    }
				    }
				}
            },
            {
                "condition": "query.block_property('decor:cookie')==4",
                "components": {
                    "minecraft:geometry": "geometry.jar_cookie_4",
                    "minecraft:on_interact": { 
			           "event": "interact4"
					},
			        "minecraft:block_light_absorption": 0.0,
                    "minecraft:material_instances": {
                        "*": {
                            "texture": "jar_cookie",
                            "render_method": "alpha_test"
					    }
				    }
				}
            },
            {
                "condition": "query.block_property('decor:cookie')==5",
                "components": {
                    "minecraft:geometry": "geometry.jar_cookie_5",
                    "minecraft:on_interact": { 
			           "event": "interact5"
					},
			        "minecraft:block_light_absorption": 0.0,
                    "minecraft:material_instances": {
                        "*": {
                            "texture": "jar_cookie",
                            "render_method": "alpha_test"
					    }
				    }
				}
            },
            {
                "condition": "query.block_property('decor:cookie')==6",
                "components": {
                    "minecraft:geometry": "geometry.jar_cookie_6",
                    "minecraft:on_interact": { 
			           "event": "decor:normal6"
					},
			        "minecraft:block_light_absorption": 0.0,
                    "minecraft:material_instances": {
                        "*": {
                            "texture": "jar_cookie",
                            "render_method": "alpha_test"
					    }
				    }
				}
            }
        ],
        "events": {
            "decor:face": {
                "set_block_property": {
                    "decor:face": "(query.cardinal_player_facing)"
                }
            },
            "interact1": {
			"sequence":[
			  {
			    "trigger":{
				  "target": "self",
				  "event": "decor:toggle"
				},
				"condition": "query.get_equipped_item_name('main_hand')== 'cookie'"
			        },
			  {
			    "trigger":{
				  "target": "self",
				  "event": "decor:normal1"
				},
				"condition": "query.get_equipped_item_name('main_hand')!= 'cookie'"
			        }
		        ]
            },
            "interact2": {
			"sequence":[
			  {
			    "trigger":{
				  "target": "self",
				  "event": "decor:toggle"
				},
				"condition": "query.get_equipped_item_name('main_hand')== 'cookie'"
			        },
			  {
			    "trigger":{
				  "target": "self",
				  "event": "decor:normal2"
				},
				"condition": "query.get_equipped_item_name('main_hand')!= 'cookie'"
			        }
		        ]
            },
            "interact3": {
			"sequence":[
			  {
			    "trigger":{
				  "target": "self",
				  "event": "decor:toggle"
				},
				"condition": "query.get_equipped_item_name('main_hand')== 'cookie'"
			        },
			  {
			    "trigger":{
				  "target": "self",
				  "event": "decor:normal3"
				},
				"condition": "query.get_equipped_item_name('main_hand')!= 'cookie'"
			        }
		        ]
            },
            "interact4": {
			"sequence":[
			  {
			    "trigger":{
				  "target": "self",
				  "event": "decor:toggle"
				},
				"condition": "query.get_equipped_item_name('main_hand')== 'cookie'"
			        },
			  {
			    "trigger":{
				  "target": "self",
				  "event": "decor:normal4"
				},
				"condition": "query.get_equipped_item_name('main_hand')!= 'cookie'"
			        }
		        ]
            },
            "interact5": {
			"sequence":[
			  {
			    "trigger":{
				  "target": "self",
				  "event": "decor:toggle"
				},
				"condition": "query.get_equipped_item_name('main_hand')== 'cookie'"
			        },
			  {
			    "trigger":{
				  "target": "self",
				  "event": "decor:normal5"
				},
				"condition": "query.get_equipped_item_name('main_hand')!= 'cookie'"
			        }
		        ]
            },
            "decor:toggle": {
                "set_block_property": {
                    "decor:cookie": "query.block_property('decor:cookie')+1"
                },
				"decrement_stack": {}
            },
            "decor:normal1": {
                "set_block_property": {
                    "decor:cookie": 0
                },
            "spawn_loot": {
		       "table": "loot_tables/foods/cookie_1.json"
                }
            },
            "decor:normal2": {
                "set_block_property": {
                    "decor:cookie": 0
                },
            "spawn_loot": {
		       "table": "loot_tables/foods/cookie_2.json"
                }
            },
            "decor:normal3": {
                "set_block_property": {
                    "decor:cookie": 0
                },
            "spawn_loot": {
		       "table": "loot_tables/foods/cookie_3.json"
                }
            },
            "decor:normal4": {
                "set_block_property": {
                    "decor:cookie": 0
                },
            "spawn_loot": {
		       "table": "loot_tables/foods/cookie_4.json"
                }
            },
            "decor:normal5": {
                "set_block_property": {
                    "decor:cookie": 0
                },
            "spawn_loot": {
		       "table": "loot_tables/foods/cookie_5.json"
                }
            },
            "decor:normal6": {
                "set_block_property": {
                    "decor:cookie": 0
                },
            "spawn_loot": {
		       "table": "loot_tables/foods/cookie_6.json"
                }
            }
        }
    }
}