{
    "format_version": "1.16.100",
    "minecraft:block": {
        "description": {
            "identifier": "furniture:kitchen_sink",
            "properties": {
                "decor:face": [ 0, 1, 2, 3 ],
                "decor:active": [ false, true ]
            }
        },
        "components": {
            "minecraft:material_instances": {
                "*": {
                    "texture": "kitchen_sink",
                    "render_method": "opaque"
                }
            },
            "minecraft:pick_collision": {
                "origin": [ -8, 0, -8 ],
                "size": [ 16, 16, 16 ]
            },
            "minecraft:loot": "loot_tables/kitchen/kitchen_sink.json",
            "minecraft:geometry": "geometry.kitchen_sink_water",
            "minecraft:destroy_time": 2.0,
			"minecraft:block_light_absorption": 0.0,
            "minecraft:unwalkable": true,
            "minecraft:entity_collision": {
                "origin": [ -8.0, 0.0, -8.0 ],
                "size": [ 16, 16, 16 ]
            },
            "minecraft:ticking": {
                "looping": true,
                "range": [ 0, 0 ],
                "on_tick": {
                "event": "water_particle"
                }
            },
            "minecraft:friction": 0.6,
            "minecraft:map_color": "#00ff00",
            "minecraft:flammable": {
                "flame_odds": 0,
                "burn_odds": 0
            },

            "minecraft:on_interact": { 
			"event": "decor:toggle"
			},
            "minecraft:on_player_placing": { "event": "decor:face" }
        },
        "permutations": [
            {
                "condition": "query.block_property('decor:face') == 0",
                "components": { "minecraft:rotation": [ 0, 180, 0 ] }
            }, {
                "condition": "query.block_property('decor:face') == 1",
                "components": { "minecraft:rotation": [ 0, 0, 0 ] }
            }, {
                "condition": "query.block_property('decor:face') == 2",
                "components": { "minecraft:rotation": [ 0, 270, 0 ] }
            },  {
                "condition": "query.block_property('decor:face') == 3",
                "components": { "minecraft:rotation": [ 0, 90, 0 ] }
            },
            {
                "condition": "!query.block_property('decor:active')",
                "components": {
                    "minecraft:geometry": "geometry.kitchen_sink",
                    "minecraft:ticking": {
                      "looping": true,
                      "range": [ 0, 0 ],
                      "on_tick": {
                      "event": "nothing"
                        }
                    },
			        "minecraft:block_light_absorption": 0.0,
                    "minecraft:material_instances": {
                        "*": {
                            "texture": "kitchen_sink",
                            "render_method": "opaque"
					    }
				    }
				}
            }
        ],
        "events": {
            "decor:face": {
                "set_block_property": {
                    "decor:face": "query.cardinal_facing_2d-2"
                }
            },
            "water_particle": {
                "run_command": {
                    "command": ["particle minecraft:rain_splash_particle ~~0.3~","particle minecraft:rain_splash_particle ~0.1~0.3~","particle minecraft:rain_splash_particle ~-0.1~0.3~", "playsound ambient.weather.rain @p ~~~ 1 5" ]
                }
            },
            "decor:toggle": {
                "set_block_property": {
                    "decor:active": "query.block_property('decor:active') ? false : true"
                }
            }
        }
    }
}
