{
    "format_version": "1.16.100",
    "minecraft:block": {
        "description": {
            "identifier": "furniture:microwave",
            "properties": {
                "decor:face": [ 0, 1, 2, 3 ],
                "decor:food": [ 0, 1, 2, 3, 4, 5, 6, 7, 8, 9 ]
            }
        },
        "components": {
            "minecraft:material_instances": {
                "*": {
                    "texture": "microwave",
                    "render_method": "alpha_test"
                }
            },
            "minecraft:pick_collision": {
                "origin": [ -8, 0, -7 ],
                "size": [ 16, 12, 14 ]
            },
            "minecraft:loot": "loot_tables/kitchen/microwave.json",
            "minecraft:geometry": "geometry.microwave",
            "minecraft:destroy_time": 2.0,
			"minecraft:block_light_absorption": 0.0,
            "minecraft:unwalkable": true,
            "minecraft:entity_collision": {
                "origin": [ -8.0, 0.0, -7.0 ],
                "size": [ 16, 12, 14 ]
            },

            "minecraft:friction": 0.6,
            "minecraft:map_color": "#00ff00",
            "minecraft:flammable": {
                "flame_odds": 0,
                "burn_odds": 0
            },

            "minecraft:on_interact": { 
			"event": "decor:interact"
			},
            "minecraft:on_player_placing": { "event": "decor:face" }
        },
        "permutations": [
            {
                "condition": "query.block_property('decor:face') == 0",
                "components": { "minecraft:rotation": [ 0, 180, 0 ] }
            }, {
                "condition": "query.block_property('decor:face') == 1",
                "components": { "minecraft:rotation": [ 0, 0, 0 ] }
            }, {
                "condition": "query.block_property('decor:face') == 2",
                "components": { "minecraft:rotation": [ 0, 270, 0 ] }
            },  {
                "condition": "query.block_property('decor:face') == 3",
                "components": { "minecraft:rotation": [ 0, 90, 0 ] }
            },
            {
                "condition": "query.block_property('decor:food')==1",
                "components": {
                    "minecraft:geometry": "geometry.microwave_1",
			        "minecraft:block_light_absorption": 0.0,
		            "minecraft:on_interact": { 
			          "event": "fooding_the_food_1"
			        },
                    "minecraft:material_instances": {
                        "*": {
                            "texture": "microwave_raw_beef",
                            "render_method": "alpha_test"
					    }
				    }
				}
            },
            {
                "condition": "query.block_property('decor:food')==2",
                "components": {
                    "minecraft:geometry": "geometry.microwave_1",
			        "minecraft:block_light_absorption": 0.0,
		            "minecraft:on_interact": { 
			          "event": "nothing"
			        },
                    "minecraft:ticking": {
                     "looping": true,
                     "range": [ 20, 20 ],
                     "on_tick": {
                     "event": "food_ready_1"
                         }
                      },
                    "minecraft:material_instances": {
                        "*": {
                            "texture": "microwave_raw_beef_on",
                            "render_method": "alpha_test"
					    }
				    }
				}
            },
            {
                "condition": "query.block_property('decor:food')==3",
                "components": {
                    "minecraft:geometry": "geometry.microwave_1",
			        "minecraft:block_light_absorption": 0.0,
		            "minecraft:on_interact": { 
			          "event": "take_food_beef"
			        },
                    "minecraft:material_instances": {
                        "*": {
                            "texture": "microwave_cooked_beef",
                            "render_method": "alpha_test"
					    }
				    }
				}
            },
            {
                "condition": "query.block_property('decor:food')==4",
                "components": {
                    "minecraft:geometry": "geometry.microwave_1",
			        "minecraft:block_light_absorption": 0.0,
		            "minecraft:on_interact": { 
			          "event": "fooding_the_food_2"
			        },
                    "minecraft:material_instances": {
                        "*": {
                            "texture": "microwave_raw_chicken",
                            "render_method": "alpha_test"
					    }
				    }
				}
            },
            {
                "condition": "query.block_property('decor:food')==5",
                "components": {
                    "minecraft:geometry": "geometry.microwave_1",
			        "minecraft:block_light_absorption": 0.0,
		            "minecraft:on_interact": { 
			          "event": "nothing"
			        },
                    "minecraft:ticking": {
                     "looping": true,
                     "range": [ 20, 20 ],
                     "on_tick": {
                     "event": "food_ready_2"
                         }
                      },
                    "minecraft:material_instances": {
                        "*": {
                            "texture": "microwave_raw_chicken_on",
                            "render_method": "alpha_test"
					    }
				    }
				}
            },
            {
                "condition": "query.block_property('decor:food')==6",
                "components": {
                    "minecraft:geometry": "geometry.microwave_1",
			        "minecraft:block_light_absorption": 0.0,
		            "minecraft:on_interact": { 
			          "event": "take_food_chicken"
			        },
                    "minecraft:material_instances": {
                        "*": {
                            "texture": "microwave_cooked_chicken",
                            "render_method": "alpha_test"
					    }
				    }
				}
            },
            {
                "condition": "query.block_property('decor:food')==7",
                "components": {
                    "minecraft:geometry": "geometry.microwave_1",
			        "minecraft:block_light_absorption": 0.0,
		            "minecraft:on_interact": { 
			          "event": "fooding_the_food_3"
			        },
                    "minecraft:material_instances": {
                        "*": {
                            "texture": "microwave_raw_porkchop",
                            "render_method": "alpha_test"
					    }
				    }
				}
            },
            {
                "condition": "query.block_property('decor:food')==8",
                "components": {
                    "minecraft:geometry": "geometry.microwave_1",
			        "minecraft:block_light_absorption": 0.0,
		            "minecraft:on_interact": { 
			          "event": "nothing"
			        },
                    "minecraft:ticking": {
                     "looping": true,
                     "range": [ 20, 20 ],
                     "on_tick": {
                     "event": "food_ready_3"
                         }
                      },
                    "minecraft:material_instances": {
                        "*": {
                            "texture": "microwave_raw_porkchop_on",
                            "render_method": "alpha_test"
					    }
				    }
				}
            },
            {
                "condition": "query.block_property('decor:food')==9",
                "components": {
                    "minecraft:geometry": "geometry.microwave_1",
			        "minecraft:block_light_absorption": 0.0,
		            "minecraft:on_interact": { 
			          "event": "take_food_porkchop"
			        },
                    "minecraft:material_instances": {
                        "*": {
                            "texture": "microwave_cooked_porkchop",
                            "render_method": "alpha_test"
					    }
				    }
				}
            }
        ],
        "events": {
            "decor:interact": {
			"sequence":[
			  {
			    "trigger":{
				  "target": "self",
				  "event": "beef"
				},
				"condition": "query.get_equipped_item_name('main_hand')== 'beef'"
			        },
			  {
			    "trigger":{
				  "target": "self",
				  "event": "chicken"
				},
				"condition": "query.get_equipped_item_name('main_hand')== 'chicken'"
			        },
			  {
			    "trigger":{
				  "target": "self",
				  "event": "porkchop"
				},
				"condition": "query.get_equipped_item_name('main_hand')== 'porkchop'"
			        }
		        ]
            },
            "decor:face": {
                "set_block_property": {
                    "decor:face": "query.cardinal_facing_2d-2"
                }
            },
            "beef": {
                "set_block_property": {
                    "decor:food": 1
                },
				"decrement_stack": {}
            },
            "chicken": {
                "set_block_property": {
                    "decor:food": 4
                },
				"decrement_stack": {}
            },
            "porkchop": {
                "set_block_property": {
                    "decor:food": 7
                },
				"decrement_stack": {}
            },
            "fooding_the_food_1": {
                "set_block_property": {
                    "decor:food": 2
                }
            },
            "food_ready_1": {
                "set_block_property": {
                    "decor:food": 3
                }
            },
            "take_food_beef": {
                "set_block_property": {
                    "decor:food": 0
                },
            "spawn_loot": {
		       "table": "loot_tables/foods/beef.json"
                }
            },
            "fooding_the_food_2": {
                "set_block_property": {
                    "decor:food": 5
                }
            },
            "food_ready_2": {
                "set_block_property": {
                    "decor:food": 6
                }
            },
            "take_food_chicken": {
                "set_block_property": {
                    "decor:food": 0
                },
            "spawn_loot": {
		       "table": "loot_tables/foods/chicken.json"
                }
            },
            "fooding_the_food_3": {
                "set_block_property": {
                    "decor:food": 8
                }
            },
            "food_ready_3": {
                "set_block_property": {
                    "decor:food": 9
                }
            },
            "take_food_porkchop": {
                "set_block_property": {
                    "decor:food": 0
                },
            "spawn_loot": {
		       "table": "loot_tables/foods/porkchop.json"
                }
            }
        }
    }
}