{
    "format_version": "1.16.0",
    "minecraft:block": {
        "description": {
            "identifier": "furniture:oven",
            "properties": {
                "decor:face": [ 0, 1, 2, 3 ],
                "decor:food": [ 0, 1, 2, 3, 4, 5, 6, 7 ]
            }
        },
        "components": {
            "minecraft:material_instances": {
                "*": {
                    "texture": "oven",
                    "render_method": "alpha_test"
                }
            },
            "minecraft:pick_collision": {
                "origin": [ -8, 0, -8 ],
                "size": [ 16, 16, 16 ]
            },
            "minecraft:loot": "loot_tables/kitchen/oven.json",
            "minecraft:geometry": "geometry.oven",
            "minecraft:destroy_time": 2.0,
			"minecraft:block_light_absorption": 0.0,
            "minecraft:on_player_placing": {
                "event": "decor:place"
            },
            "minecraft:on_interact": { 
			"event": "oven_frying_pan",
		    "condition": "query.get_equipped_item_name('main_hand')== 'frying_pan'"
			},
            "minecraft:friction": 0.6,
            "minecraft:map_color": "#00ff00",
            "minecraft:flammable": {
                "flame_odds": 0,
                "burn_odds": 0
            }
        },
        "events": {
            "decor:place": {
                "set_block_property": {
                    "decor:face": "query.cardinal_facing_2d-2"
                }
            },
            "decor:interact": {
			"sequence":[
			  {
			    "trigger":{
				  "target": "self",
				  "event": "oven_frying_pan_beef"
				},
				"condition": "query.get_equipped_item_name('main_hand')== 'beef'"
			        },
			  {
			    "trigger":{
				  "target": "self",
				  "event": "oven_frying_pan_chicken"
				},
				"condition": "query.get_equipped_item_name('main_hand')== 'chicken'"
			        },
			  {
			    "trigger":{
				  "target": "self",
				  "event": "oven_frying_pan_porkchop"
				},
				"condition": "query.get_equipped_item_name('main_hand')== 'porkchop'"
			        },
			  {
			    "trigger":{
				  "target": "self",
				  "event": "give_frying_pan"
				},
				"condition": "query.get_equipped_item_name('main_hand')== ''"
			        }
		        ]
            },
            "oven_frying_pan": {
                "set_block_property": {
                    "decor:food": 1
                },
				"decrement_stack": {}
            },
            "oven_frying_pan_beef": {
                "set_block_property": {
                    "decor:food": 2
                },
				"decrement_stack": {}
            },
            "oven_frying_pan_chicken": {
                "set_block_property": {
                    "decor:food": 4
                },
				"decrement_stack": {}
            },
            "oven_frying_pan_porkchop": {
                "set_block_property": {
                    "decor:food": 6
                },
				"decrement_stack": {}
            },
            "beef_ready": {
                "set_block_property": {
                    "decor:food": 3
                }
            },
            "chicken_ready": {
                "set_block_property": {
                    "decor:food": 5
                }
            },
            "porkchop_ready": {
                "set_block_property": {
                    "decor:food": 7
                }
            },
            "take_beef": {
                "set_block_property": {
                    "decor:food": 1
                },
            "spawn_loot": {
		       "table": "loot_tables/foods/beef.json"
                }
            },
            "take_chicken": {
                "set_block_property": {
                    "decor:food": 1
                },
            "spawn_loot": {
		       "table": "loot_tables/foods/chicken.json"
                }
            },
            "take_porkchop": {
                "set_block_property": {
                    "decor:food": 1
                },
            "spawn_loot": {
		       "table": "loot_tables/foods/porkchop.json"
                }
            },
            "give_frying_pan": {
                "set_block_property": {
                    "decor:food": 0
                },
            "spawn_loot": {
		       "table": "loot_tables/kitchen/frying_pan.json"
                }
            }
        },
        "permutations": [
            {
                "condition": "query.block_property('decor:face') == 0",
                "components": { "minecraft:rotation": [ 0, 180, 0 ] }
            }, {
                "condition": "query.block_property('decor:face') == 1",
                "components": { "minecraft:rotation": [ 0, 0, 0 ] }
            }, {
                "condition": "query.block_property('decor:face') == 2",
                "components": { "minecraft:rotation": [ 0, 270, 0 ] }
            },  {
                "condition": "query.block_property('decor:face') == 3",
                "components": { "minecraft:rotation": [ 0, 90, 0 ] }
            },
            {
                "condition": "query.block_property('decor:food')==1",
                "components": {
                    "minecraft:geometry": "geometry.oven_frying_pan",
                    "minecraft:on_interact": { 
			           "event": "decor:interact"
					},
			        "minecraft:block_light_absorption": 0.0,
                    "minecraft:material_instances": {
                        "*": {
                            "texture": "oven_frying_pan_raw_beef",
                            "render_method": "alpha_test"
					    }
				    }
				}
            },
            {
                "condition": "query.block_property('decor:food')==2",
                "components": {
                    "minecraft:geometry": "geometry.oven_frying_pan_1",
                    "minecraft:on_interact": { 
			           "event": "nothing"
					},
                    "minecraft:ticking": {
                     "looping": true,
                     "range": [ 20, 20 ],
                     "on_tick": {
                     "event": "beef_ready"
                       }
                    },
			        "minecraft:block_light_absorption": 0.0,
                    "minecraft:material_instances": {
                        "*": {
                            "texture": "oven_frying_pan_raw_beef",
                            "render_method": "alpha_test"
					    }
				    }
				}
            },
            {
                "condition": "query.block_property('decor:food')==3",
                "components": {
                    "minecraft:geometry": "geometry.oven_frying_pan_1",
                    "minecraft:on_interact": { 
			           "event": "take_beef"
					},
			        "minecraft:block_light_absorption": 0.0,
                    "minecraft:material_instances": {
                        "*": {
                            "texture": "oven_frying_pan_cooked_beef",
                            "render_method": "alpha_test"
					    }
				    }
				}
            },
            {
                "condition": "query.block_property('decor:food')==4",
                "components": {
                    "minecraft:geometry": "geometry.oven_frying_pan_1",
                    "minecraft:on_interact": { 
			           "event": "nothing"
					},
                    "minecraft:ticking": {
                     "looping": true,
                     "range": [ 20, 20 ],
                     "on_tick": {
                     "event": "chicken_ready"
                       }
                    },
			        "minecraft:block_light_absorption": 0.0,
                    "minecraft:material_instances": {
                        "*": {
                            "texture": "oven_frying_pan_raw_chicken",
                            "render_method": "alpha_test"
					    }
				    }
				}
            },
            {
                "condition": "query.block_property('decor:food')==5",
                "components": {
                    "minecraft:geometry": "geometry.oven_frying_pan_1",
                    "minecraft:on_interact": { 
			           "event": "take_chicken"
					},
			        "minecraft:block_light_absorption": 0.0,
                    "minecraft:material_instances": {
                        "*": {
                            "texture": "oven_frying_pan_cooked_chicken",
                            "render_method": "alpha_test"
					    }
				    }
				}
            },
            {
                "condition": "query.block_property('decor:food')==6",
                "components": {
                    "minecraft:geometry": "geometry.oven_frying_pan_1",
                    "minecraft:on_interact": { 
			           "event": "nothing"
					},
                    "minecraft:ticking": {
                     "looping": true,
                     "range": [ 20, 20 ],
                     "on_tick": {
                     "event": "porkchop_ready"
                       }
                    },
			        "minecraft:block_light_absorption": 0.0,
                    "minecraft:material_instances": {
                        "*": {
                            "texture": "oven_frying_pan_raw_porkchop",
                            "render_method": "alpha_test"
					    }
				    }
				}
            },
            {
                "condition": "query.block_property('decor:food')==7",
                "components": {
                    "minecraft:geometry": "geometry.oven_frying_pan_1",
                    "minecraft:on_interact": { 
			           "event": "take_porkchop"
					},
			        "minecraft:block_light_absorption": 0.0,
                    "minecraft:material_instances": {
                        "*": {
                            "texture": "oven_frying_pan_cooked_porkchop",
                            "render_method": "alpha_test"
					    }
				    }
				}
            }
        ]
    }
}