{
    "format_version": "1.16.100",
    "minecraft:block": {
        "description": {
            "identifier": "furniture:plate",
            "properties": {
                "decor:face": [ 0, 1, 2, 3 ],
                "decor:food": [ 0, 1, 2, 3, 4, 5, 6, 7, 8, 9 ]
            }
        },
        "components": {
            "minecraft:material_instances": {
                "*": {
                    "texture": "plate",
                    "render_method": "alpha_test"
                }
            },
            "minecraft:pick_collision": {
                "origin": [ -5, 0, -5 ],
                "size": [ 10, 3, 10 ]
            },
            "minecraft:loot": "loot_tables/kitchen/plate.json",
            "minecraft:geometry": "geometry.plate",
            "minecraft:destroy_time": 2.0,
			"minecraft:block_light_absorption": 0.0,
            "minecraft:unwalkable": true,
            "minecraft:entity_collision": {
                "origin": [ -5.0, 0.0, -5.0 ],
                "size": [ 10, 3, 10 ]
            },

            "minecraft:friction": 0.6,
            "minecraft:map_color": "#00ff00",
            "minecraft:flammable": {
                "flame_odds": 0,
                "burn_odds": 0
            },

            "minecraft:on_interact": { 
			"event": "decor:interact"
			},
            "minecraft:on_player_placing": { "event": "decor:face" }
        },
        "permutations": [
            {
                "condition": "query.block_property('decor:face') == 0",
                "components": { "minecraft:rotation": [ 0, 180, 0 ] }
            }, {
                "condition": "query.block_property('decor:face') == 1",
                "components": { "minecraft:rotation": [ 0, 0, 0 ] }
            }, {
                "condition": "query.block_property('decor:face') == 2",
                "components": { "minecraft:rotation": [ 0, 270, 0 ] }
            },  {
                "condition": "query.block_property('decor:face') == 3",
                "components": { "minecraft:rotation": [ 0, 90, 0 ] }
            },
            {
                "condition": "query.block_property('decor:food')==1",
                "components": {
                    "minecraft:geometry": "geometry.plate_1",
                    "minecraft:on_interact": { 
			           "event": "decor:normal1"
					},
			        "minecraft:block_light_absorption": 0.0,
                    "minecraft:material_instances": {
                        "*": {
                            "texture": "plate_beef",
                            "render_method": "alpha_test"
					    }
				    }
				}
            },
            {
                "condition": "query.block_property('decor:food')==2",
                "components": {
                    "minecraft:geometry": "geometry.plate_1",
                    "minecraft:on_interact": { 
			           "event": "decor:normal2"
					},
			        "minecraft:block_light_absorption": 0.0,
                    "minecraft:material_instances": {
                        "*": {
                            "texture": "plate_chicken",
                            "render_method": "alpha_test"
					    }
				    }
				}
            },
            {
                "condition": "query.block_property('decor:food')==3",
                "components": {
                    "minecraft:geometry": "geometry.plate_1",
                    "minecraft:on_interact": { 
			           "event": "decor:normal3"
					},
			        "minecraft:block_light_absorption": 0.0,
                    "minecraft:material_instances": {
                        "*": {
                            "texture": "plate_rabbit",
                            "render_method": "alpha_test"
					    }
				    }
				}
            },
            {
                "condition": "query.block_property('decor:food')==4",
                "components": {
                    "minecraft:geometry": "geometry.plate_1",
                    "minecraft:on_interact": { 
			           "event": "decor:normal4"
					},
			        "minecraft:block_light_absorption": 0.0,
                    "minecraft:material_instances": {
                        "*": {
                            "texture": "plate_porkchop",
                            "render_method": "alpha_test"
					    }
				    }
				}
            },
            {
                "condition": "query.block_property('decor:food')==5",
                "components": {
                    "minecraft:geometry": "geometry.plate_1",
                    "minecraft:on_interact": { 
			           "event": "decor:normal5"
					},
			        "minecraft:block_light_absorption": 0.0,
                    "minecraft:material_instances": {
                        "*": {
                            "texture": "plate_mutton",
                            "render_method": "alpha_test"
					    }
				    }
				}
            },
            {
                "condition": "query.block_property('decor:food')==6",
                "components": {
                    "minecraft:geometry": "geometry.plate_1",
                    "minecraft:on_interact": { 
			           "event": "decor:normal6"
					},
			        "minecraft:block_light_absorption": 0.0,
                    "minecraft:material_instances": {
                        "*": {
                            "texture": "plate_bread",
                            "render_method": "alpha_test"
					    }
				    }
				}
            },
            {
                "condition": "query.block_property('decor:food')==7",
                "components": {
                    "minecraft:geometry": "geometry.plate_1",
                    "minecraft:on_interact": { 
			           "event": "decor:normal7"
					},
			        "minecraft:block_light_absorption": 0.0,
                    "minecraft:material_instances": {
                        "*": {
                            "texture": "plate_cookie",
                            "render_method": "alpha_test"
					    }
				    }
				}
            },
            {
                "condition": "query.block_property('decor:food')==8",
                "components": {
                    "minecraft:geometry": "geometry.plate_1",
                    "minecraft:on_interact": { 
			           "event": "decor:normal8"
					},
			        "minecraft:block_light_absorption": 0.0,
                    "minecraft:material_instances": {
                        "*": {
                            "texture": "plate_cod",
                            "render_method": "alpha_test"
					    }
				    }
				}
            },
            {
                "condition": "query.block_property('decor:food')==9",
                "components": {
                    "minecraft:geometry": "geometry.plate_1",
                    "minecraft:on_interact": { 
			           "event": "decor:normal9"
					},
			        "minecraft:block_light_absorption": 0.0,
                    "minecraft:material_instances": {
                        "*": {
                            "texture": "plate_salmon",
                            "render_method": "alpha_test"
					    }
				    }
				}
            }
        ],
        "events": {
            "decor:face": {
                "set_block_property": {
                    "decor:face": "query.cardinal_facing_2d-2"
                }
            },
            "decor:interact": {
			"sequence":[
			  {
			    "trigger":{
				  "target": "self",
				  "event": "plate_beef"
				},
				"condition": "query.get_equipped_item_name('main_hand')== 'cooked_beef'"
			        },
			  {
			    "trigger":{
				  "target": "self",
				  "event": "plate_chicken"
				},
				"condition": "query.get_equipped_item_name('main_hand')== 'cooked_chicken'"
			        },
			  {
			    "trigger":{
				  "target": "self",
				  "event": "plate_mutton"
				},
				"condition": "query.get_equipped_item_name('main_hand')== 'cooked_mutton'"
			        },
			  {
			    "trigger":{
				  "target": "self",
				  "event": "plate_rabbit"
				},
				"condition": "query.get_equipped_item_name('main_hand')== 'cooked_rabbit'"
			        },
			  {
			    "trigger":{
				  "target": "self",
				  "event": "plate_porkchop"
				},
				"condition": "query.get_equipped_item_name('main_hand')== 'cooked_porkchop'"
			        },
			  {
			    "trigger":{
				  "target": "self",
				  "event": "plate_cod"
				},
				"condition": "query.get_equipped_item_name('main_hand')== 'cooked_cod'"
			        },
			  {
			    "trigger":{
				  "target": "self",
				  "event": "plate_salmon"
				},
				"condition": "query.get_equipped_item_name('main_hand')== 'cooked_salmon'"
			        },
			  {
			    "trigger":{
				  "target": "self",
				  "event": "plate_bread"
				},
				"condition": "query.get_equipped_item_name('main_hand')== 'bread'"
			        },
			  {
			    "trigger":{
				  "target": "self",
				  "event": "plate_cookie"
				},
				"condition": "query.get_equipped_item_name('main_hand')== 'cookie'"
			        }
		        ]
            },
            "plate_mutton": {
                "set_block_property": {
                    "decor:food": 5
                },
				"decrement_stack": {}
            },
            "plate_beef": {
                "set_block_property": {
                    "decor:food": 1
                },
				"decrement_stack": {}
            },
            "plate_chicken": {
                "set_block_property": {
                    "decor:food": 2
                },
				"decrement_stack": {}
            },
            "plate_rabbit": {
                "set_block_property": {
                    "decor:food": 3
                },
				"decrement_stack": {}
            },
            "plate_porkchop": {
                "set_block_property": {
                    "decor:food": 4
                },
				"decrement_stack": {}
            },
            "plate_cod": {
                "set_block_property": {
                    "decor:food": 8
                },
				"decrement_stack": {}
            },
            "plate_salmon": {
                "set_block_property": {
                    "decor:food": 9
                },
				"decrement_stack": {}
            },
            "plate_bread": {
                "set_block_property": {
                    "decor:food": 6
                },
				"decrement_stack": {}
            },
            "plate_cookie": {
                "set_block_property": {
                    "decor:food": 7
                },
				"decrement_stack": {}
            },
            "decor:normal1": {
                "set_block_property": {
                    "decor:food": 0
                },
            "spawn_loot": {
		       "table": "loot_tables/foods/beef.json"
                }
            },
            "decor:normal2": {
                "set_block_property": {
                    "decor:food": 0
                },
            "spawn_loot": {
		       "table": "loot_tables/foods/chicken.json"
                }
            },
            "decor:normal3": {
                "set_block_property": {
                    "decor:food": 0
                },
            "spawn_loot": {
		       "table": "loot_tables/foods/rabbit.json"
                }
            },
            "decor:normal4": {
                "set_block_property": {
                    "decor:food": 0
                },
            "spawn_loot": {
		       "table": "loot_tables/foods/porkchop.json"
                }
            },
            "decor:normal5": {
                "set_block_property": {
                    "decor:food": 0
                },
            "spawn_loot": {
		       "table": "loot_tables/foods/mutton.json"
                }
            },
            "decor:normal6": {
                "set_block_property": {
                    "decor:food": 0
                },
            "spawn_loot": {
		       "table": "loot_tables/foods/bread.json"
                }
            },
            "decor:normal7": {
                "set_block_property": {
                    "decor:food": 0
                },
            "spawn_loot": {
		       "table": "loot_tables/foods/cookie.json"
                }
            },
            "decor:normal8": {
                "set_block_property": {
                    "decor:food": 0
                },
            "spawn_loot": {
		       "table": "loot_tables/foods/cod.json"
                }
            },
            "decor:normal9": {
                "set_block_property": {
                    "decor:food": 0
                },
            "spawn_loot": {
		       "table": "loot_tables/foods/salmon.json"
                }
            }
        }
    }
}