{
    "format_version": "1.16.100",
    "minecraft:block": {
        "description": {
            "identifier": "furniture:toaster",
            "properties": {
                "decor:face": [ 0, 1, 2, 3 ],
                "decor:toast": [ 0, 1, 2, 3, 4 ]
            }
        },
        "components": {
            "minecraft:material_instances": {
                "*": {
                    "texture": "toaster",
                    "render_method": "alpha_test"
                }
            },
            "minecraft:pick_collision": {
                "origin": [ -5, 0, -7 ],
                "size": [ 10, 12, 14 ]
            },
            "minecraft:loot": "loot_tables/kitchen/toaster.json",
            "minecraft:geometry": "geometry.toaster",
            "minecraft:destroy_time": 2.0,
			"minecraft:block_light_absorption": 0.0,
            "minecraft:unwalkable": true,
            "minecraft:entity_collision": {
                "origin": [ -5.0, 0.0, -7.0 ],
                "size": [ 10, 12, 14 ]
            },

            "minecraft:friction": 0.6,
            "minecraft:map_color": "#00ff00",
            "minecraft:flammable": {
                "flame_odds": 0,
                "burn_odds": 0
            },

            "minecraft:on_interact": { 
			"event": "decor:toggle",
			"condition": "query.get_equipped_item_name=='bread_slice'"
			},
            "minecraft:on_player_placing": { "event": "decor:face" }
        },
        "permutations": [
            {
                "condition": "query.block_property('decor:face') == 0",
                "components": { "minecraft:rotation": [ 0, 180, 0 ] }
            }, {
                "condition": "query.block_property('decor:face') == 1",
                "components": { "minecraft:rotation": [ 0, 0, 0 ] }
            }, {
                "condition": "query.block_property('decor:face') == 2",
                "components": { "minecraft:rotation": [ 0, 270, 0 ] }
            },  {
                "condition": "query.block_property('decor:face') == 3",
                "components": { "minecraft:rotation": [ 0, 90, 0 ] }
            },
            {
                "condition": "query.block_property('decor:toast')==1",
                "components": {
                    "minecraft:geometry": "geometry.toaster_1_slice",
			        "minecraft:block_light_absorption": 0.0,
			        "minecraft:on_interact": { 
			          "event": "decor:toggle",
			          "condition": "query.get_equipped_item_name=='bread_slice'"
			           },
                    "minecraft:material_instances": {
                        "*": {
                            "texture": "toaster",
                            "render_method": "alpha_test"
					    }
				    }
				}
            },
            {
                "condition": "query.block_property('decor:toast')==2",
                "components": {
                    "minecraft:geometry": "geometry.toaster_2_slice",
			        "minecraft:block_light_absorption": 0.0,
		            "minecraft:on_interact": { 
			          "event": "toasting_the_toast"
			        },
                    "minecraft:material_instances": {
                        "*": {
                            "texture": "toaster",
                            "render_method": "alpha_test"
					    }
				    }
				}
            },
            {
                "condition": "query.block_property('decor:toast')==3",
                "components": {
                    "minecraft:geometry": "geometry.toaster_slice_toasting",
			        "minecraft:block_light_absorption": 0.0,
		            "minecraft:on_interact": { 
			          "event": "nothing"
			        },
                    "minecraft:ticking": {
                     "looping": true,
                     "range": [ 10, 10 ],
                     "on_tick": {
                     "event": "toast_ready"
                         }
                      },
                    "minecraft:material_instances": {
                        "*": {
                            "texture": "toaster",
                            "render_method": "alpha_test"
					    }
				    }
				}
            },
            {
                "condition": "query.block_property('decor:toast')==4",
                "components": {
                    "minecraft:geometry": "geometry.toaster_toast",
			        "minecraft:block_light_absorption": 0.0,
		            "minecraft:on_interact": { 
			          "event": "take_toast"
			        },
                    "minecraft:material_instances": {
                        "*": {
                            "texture": "toaster",
                            "render_method": "alpha_test"
					    }
				    }
				}
            }
        ],
        "events": {
            "decor:face": {
                 "set_block_property": {
                    "decor:face": "query.cardinal_facing_2d-2"
                }
            },
            "decor:toggle": {
                "set_block_property": {
                    "decor:toast": "query.block_property('decor:toast')+1"
                },
				"decrement_stack": {}
            },
            "toasting_the_toast": {
                "set_block_property": {
                    "decor:toast": 3
                }
            },
            "toast_ready": {
                "set_block_property": {
                    "decor:toast": 4
                },
               "run_command": {
                    "command": "playsound toaster.ready @p ~~~ 1 1"
	           }
            },
            "take_toast": {
                "set_block_property": {
                    "decor:toast": 0
                },
            "spawn_loot": {
		       "table": "loot_tables/foods/toast.json"
                }
            }
        }
    }
}