{
    "format_version": "1.16.100",
    "minecraft:block": {
        "description": {
            "identifier": "furniture:bin",
            "properties": {
                "decor:face": [ 0, 1, 2, 3 ],
                "decor:active": [ false, true ]
			}
        },
        "components": {
            "minecraft:material_instances": {
                "*": {
                    "texture": "bin",
                    "render_method": "alpha_test"
                }
            },
            "minecraft:loot": "loot_tables/random/bin.json",
            "minecraft:geometry": "geometry.bin_open",
            "minecraft:destroy_time": 2.0,
			"minecraft:block_light_absorption": 0.0,
            "minecraft:on_player_placing": { "event": "decor:face" },
            "minecraft:unwalkable": true,
            "minecraft:on_fall_on": { 
                "event": "decor:item" 
            },
            "minecraft:on_interact": { 
			    "event": "decor:toggle"
			},
            "minecraft:entity_collision": {
                "origin": [ -8.0, 0.0, -8.0 ],
                "size": [ 16, 16, 16 ]
            },
            "minecraft:pick_collision": {
                "origin": [ -8, 0, -8 ],
                "size": [ 16, 16, 16 ]
            }
        },
        "permutations": [
            {
                "condition": "query.block_property('decor:face') == 0",
                "components": { "minecraft:rotation": [ 0, 180, 0 ] }
            }, {
                "condition": "query.block_property('decor:face') == 1",
                "components": { "minecraft:rotation": [ 0, 0, 0 ] }
            }, {
                "condition": "query.block_property('decor:face') == 2",
                "components": { "minecraft:rotation": [ 0, 270, 0 ] }
            },  {
                "condition": "query.block_property('decor:face') == 3",
                "components": { "minecraft:rotation": [ 0, 90, 0 ] }
            },
            {
                "condition": "!query.block_property('decor:active')",
                "components": {
                    "minecraft:geometry": "geometry.bin",
                    "minecraft:on_fall_on": { 
                        "event": "nothing" 
                     },
			        "minecraft:block_light_absorption": 0.0,
                    "minecraft:material_instances": {
                        "*": {
                            "texture": "bin",
                            "render_method": "opaque"
					    }
				    }
				}
            }
		],
        "events": {
            "decor:face": {
                "set_block_property": {
                    "decor:face": "query.cardinal_facing_2d-2"
                }
            },
            "decor:toggle": {
                "set_block_property": {
                    "decor:active": "query.block_property('decor:active') ? false : true"
                }
            },
            "decor:item": {
                "run_command": {
                    "command": "kill @e[type=minecraft:item, r=1]"
                }
            }
        }
    }
}
