{
    "format_version": "1.16.100",
    "minecraft:block": {
        "description": {
            "identifier": "furniture:black_curtain",
            "properties": {
                "decor:face": [ 0, 1, 2, 3 ],
                "decor:active": [ false, true ]
            }
        },
        "components": {
            "minecraft:material_instances": {
                "*": {
                    "texture": "black_curtain",
                    "render_method": "opaque"
                }
            },
            "minecraft:pick_collision": {
                "origin": [ -8, 0, 5 ],
                "size": [ 16, 16, 3 ]
            },
            "minecraft:loot": "loot_tables/random/black_curtain.json",
            "minecraft:geometry": "geometry.curtain_open",
            "minecraft:destroy_time": 2.0,
			"minecraft:block_light_absorption": 0.0,
            "minecraft:unwalkable": true,
            "minecraft:entity_collision": {
                "origin": [ -8.0, 0.0, 5.0 ],
                "size": [ 16, 16, 3 ]
            },
            "minecraft:friction": 0.6,
            "minecraft:map_color": "#00ff00",
            "minecraft:flammable": {
                "flame_odds": 0,
                "burn_odds": 0
            },
            "minecraft:on_interact": { 
			"event": "decor:toggle"
			},
            "minecraft:on_player_placing": { "event": "decor:face" }
        },
        "permutations": [
            {
                "condition": "query.block_property('decor:face') == 0",
                "components": { "minecraft:rotation": [ 0, 180, 0 ] }
            }, {
                "condition": "query.block_property('decor:face') == 1",
                "components": { "minecraft:rotation": [ 0, 0, 0 ] }
            }, {
                "condition": "query.block_property('decor:face') == 2",
                "components": { "minecraft:rotation": [ 0, 270, 0 ] }
            },  {
                "condition": "query.block_property('decor:face') == 3",
                "components": { "minecraft:rotation": [ 0, 90, 0 ] }
            },
            {
                "condition": "!query.block_property('decor:active')",
                "components": {
                    "minecraft:geometry": "geometry.curtain",
                    "minecraft:on_interact": { 
			          "event": "decor:toggle"
			        },
			        "minecraft:block_light_absorption": 15.0
				}
            }
        ],
        "events": {
            "decor:face": {
                "set_block_property": {
                    "decor:face": "query.cardinal_facing_2d-2"
                }
            },

            "decor:toggle": {
                "set_block_property": {
                    "decor:active": "query.block_property('decor:active') ? false : true"
                }
            }
        }
    }
}
