 {
    "format_version": "1.16.100",
    "minecraft:block": {
        "description": {
            "identifier": "furniture:ceiling_lamp_off"
        },
        "components": {
            "minecraft:material_instances": {
                "*": {
                    "texture": "ceiling_lamp_off",
                    "render_method": "alpha_test"
                }
            },
            "minecraft:pick_collision": {
                "origin": [ -8, 14, -8 ],
                "size": [ 16, 2, 16 ]
            },
            "minecraft:loot": "loot_tables/random/ceiling_lamp.json",
            "minecraft:geometry": "geometry.ceiling_lamp",
            "minecraft:destroy_time": 2.0,
			"minecraft:block_light_absorption": 0.0,
            "minecraft:unwalkable": true,
            "minecraft:entity_collision": {
                "origin": [ -8.0, 14.0, -8.0 ],
                "size": [ 16, 2, 16 ]
            },
            "minecraft:friction": 0.6,
            "minecraft:map_color": "#00ff00",
            "minecraft:flammable": {
                "flame_odds": 0,
                "burn_odds": 0
            },
            "minecraft:block_light_emission": 0.0
        }
    }
}
