 {
    "format_version": "1.16.100",
    "minecraft:block": {
        "description": {
            "identifier": "furniture:ceiling_lamp_1_on"
        },
        "components": {
            "minecraft:material_instances": {
                "*": {
                    "texture": "ceiling_lamp_1",
                    "render_method": "alpha_test"
                }
            },
            "minecraft:loot": "loot_tables/random/ceiling_lamp_1.json",
            "minecraft:geometry": "geometry.ceiling_lamp_1",
            "minecraft:destroy_time": 2.0,
			"minecraft:block_light_absorption": 0.0,
            "minecraft:unwalkable": true,
            "minecraft:pick_collision": {
                "origin": [ -2, 8, -2 ],
                "size": [ 5, 8, 5 ]
            },
            "minecraft:entity_collision": {
                "origin": [ -2.0, 8.0, -2.0 ],
                "size": [ 5, 8, 5 ]
            },
            "minecraft:friction": 0.6,
            "minecraft:map_color": "#00ff00",
            "minecraft:flammable": {
                "flame_odds": 0,
                "burn_odds": 0
            },
            "minecraft:block_light_emission": 1.0
        }
    }
}
