{
    "format_version": "1.16.100",
    "minecraft:block": {
        "description": {
            "identifier": "furniture:colision_trampoline_1"
        },
        "components": {
            "minecraft:material_instances": {
                "*": {
                    "texture": "colision",
                    "render_method": "alpha_test"
                }
            },
            "minecraft:loot": "loot_tables/random/nothing.json",
            "minecraft:geometry": "geometry.colision",
            "minecraft:destroy_time": 2.0,
			"minecraft:block_light_absorption": 0.0,
            "minecraft:placement_filter": {
                "conditions": [
                {
                "allowed_faces": [
                    "up", "west", "east", "north", "south"
                ],
                "block_filter": [
                    "furniture:swimming_pool_trampoline"
                    ]
                  }
                ]
              },
            "minecraft:on_player_destroyed": { 
                "event": "decor:air" 
            },
            "minecraft:unwalkable": true,
            "minecraft:entity_collision": {
                "origin": [ -8.0, 6.0, -8.0 ],
                "size": [ 16, 2, 16 ]
            },
            "minecraft:pick_collision": {
                "origin": [ -8, 6, -8 ],
                "size": [ 16, 2, 16 ]
            }
        },
        "events": {
            "decor:air": {
                "run_command": {
                    "command": 
                   "setblock ~~~-1 air 0 destroy"
                }
            }
        }
    }
}