{
    "format_version": "1.16.100",
    "minecraft:block": {
        "description": {
            "identifier": "furniture:colision"
        },
        "components": {
            "minecraft:material_instances": {
                "*": {
                    "texture": "colision",
                    "render_method": "alpha_test"
                }
            },
            "minecraft:loot": "loot_tables/random/nothing.json",
            "minecraft:unit_cube": {},
            "minecraft:destroy_time": 2.0,
			"minecraft:block_light_absorption": 0.0,
            "minecraft:placement_filter": {
                "conditions": [
                {
                "allowed_faces": [
                    "up", "west", "east", "north", "south"
                ],
                "block_filter": [
                    "furniture:wardrobe_1", "furniture:wardrobe_2", "furniture:wardrobe_3", "furniture:bedroom_dresser", "furniture:fridge", "furniture:bedside_larger_lamp_red","furniture:bedside_larger_lamp_orange","furniture:bedside_larger_lamp_yellow","furniture:bedside_larger_lamp_green","furniture:bedside_larger_lamp_lime","furniture:bedside_larger_lamp_blue","furniture:bedside_larger_lamp_light_blue","furniture:bedside_larger_lamp_cyan","furniture:bedside_larger_lamp_magenta","furniture:bedside_larger_lamp_pink","furniture:bedside_larger_lamp_purple","furniture:bedside_larger_lamp_brown","furniture:bedside_larger_lamp_black","furniture:bedside_larger_lamp_white","furniture:bedside_larger_lamp_gray","furniture:bedside_larger_lamp_silver"
                    ]
                  }
                ]
              },
            "minecraft:on_player_destroyed": { 
                "event": "decor:air" 
            },
            "minecraft:unwalkable": true,
            "minecraft:entity_collision": {
                "origin": [ -8.0, 0.0, -8.0 ],
                "size": [ 16, 16, 16 ]
            },
            "minecraft:pick_collision": {
                "origin": [ -8, 0, -8 ],
                "size": [ 16, 16, 16 ]
            }
        },
        "events": {
            "decor:air": {
                "run_command": {
                    "command": "setblock ~~-1~ air 0 destroy"
                }
            }
        }
    }
}
