{
    "format_version": "1.16.100",
    "minecraft:block": {
        "description": {
            "identifier": "furniture:creeper_toy",
            "properties": {
                "decor:face": [ 0, 1, 2, 3 ]
            }
        },
        "components": {
            "minecraft:material_instances": {
                "*": {
                    "texture": "creeper_toy",
                    "render_method": "opaque"
                }
            },
            "minecraft:loot": "loot_tables/random/creeper_toy.json",
            "minecraft:geometry": "geometry.creeper_toy",
            "minecraft:destroy_time": 2.0,
			"minecraft:block_light_absorption": 0.0,
            "minecraft:unwalkable": true,
            "minecraft:entity_collision": {
                "origin": [ -5.0, 0.0, -5.0 ],
                "size": [ 10, 16, 10 ]
            },
            "minecraft:pick_collision": {
                "origin": [ -5, 0, -5 ],
                "size": [ 10, 16, 10 ]
            },
            "minecraft:on_player_placing": { 
			   "event": "decor:face" 
		    }
        },
        "permutations": [
            {
                "condition": "query.block_property('decor:face') == 0",
                "components": { "minecraft:rotation": [ 0, 180, 0 ] }
            }, {
                "condition": "query.block_property('decor:face') == 1",
                "components": { "minecraft:rotation": [ 0, 0, 0 ] }
            }, {
                "condition": "query.block_property('decor:face') == 2",
                "components": { "minecraft:rotation": [ 0, 270, 0 ] }
            },  {
                "condition": "query.block_property('decor:face') == 3",
                "components": { "minecraft:rotation": [ 0, 90, 0 ] }
            }
        ],
        "events": {             
      "decor:face": {
        "set_block_property": {
          "decor:face": "query.cardinal_facing_2d-2"
        }
      }
    }
  }
}
