{
    "format_version": "1.16.100",
    "minecraft:block": {
        "description": {
            "identifier": "furniture:fan",
            "properties": {
                "decor:face": [ 0, 1, 2, 3 ],
                "decor:fan": [ 0, 1, 2, 3, 4, 5, 6, 7, 8, 9, 10, 11, 12, 13, 14 ]
            }
        },
        "components": {
            "minecraft:material_instances": {
                "*": {
                    "texture": "fan_off",
                    "render_method": "opaque"
                }
            },
            "minecraft:pick_collision": {
                "origin": [ -8, 0, -8 ],
                "size": [ 16, 16, 16 ]
            },
            "minecraft:loot": "loot_tables/random/fan.json",
            "minecraft:geometry": "geometry.fan",
            "minecraft:destroy_time": 2.0,
			"minecraft:block_light_absorption": 0.0,
            "minecraft:unwalkable": false,
            "minecraft:entity_collision": {
                "origin": [ -8.0, 0.0, -8.0 ],
                "size": [ 16, 16, 16 ]
            },
            "minecraft:friction": 0.6,
            "minecraft:map_color": "#00ff00",
            "minecraft:flammable": {
                "flame_odds": 0,
                "burn_odds": 0
            },

            "minecraft:on_interact": { 
			"event": "fan_7"
			},
            "minecraft:on_player_placing": { "event": "decor:face" }
        },
        "permutations": [
            {
                "condition": "query.block_property('decor:face') == 0",
                "components": { "minecraft:rotation": [ 0, 180, 0 ] }
            }, {
                "condition": "query.block_property('decor:face') == 1",
                "components": { "minecraft:rotation": [ 0, 0, 0 ] }
            }, {
                "condition": "query.block_property('decor:face') == 2",
                "components": { "minecraft:rotation": [ 0, 270, 0 ] }
            },  {
                "condition": "query.block_property('decor:face') == 3",
                "components": { "minecraft:rotation": [ 0, 90, 0 ] }
            },
            {
                "condition": "query.block_property('decor:fan') == 1",
                "components": {
                    "minecraft:geometry": "geometry.fan_1",
	                "minecraft:on_interact": { 
			          "event": "interact1"
			        },
                    "minecraft:ticking": {
                      "looping": false,
                      "range": [ 0, 0 ],
                      "on_tick": {
                      "event": "fan_1"
                        }
                    },
			        "minecraft:block_light_absorption": 0.0
				}
            },
            {
                "condition": "query.block_property('decor:fan') == 2",
                "components": {
                    "minecraft:geometry": "geometry.fan_2",
	                "minecraft:on_interact": { 
			          "event": "interact2"
			        },
                    "minecraft:ticking": {
                      "looping": false,
                      "range": [ 0, 0 ],
                      "on_tick": {
                      "event": "fan_2"
                        }
                    },
			        "minecraft:block_light_absorption": 0.0
				}
            },
            {
                "condition": "query.block_property('decor:fan') == 3",
                "components": {
                    "minecraft:geometry": "geometry.fan_3",
	                "minecraft:on_interact": { 
			          "event": "interact3"
			        },
                    "minecraft:ticking": {
                      "looping": false,
                      "range": [ 0, 0 ],
                      "on_tick": {
                      "event": "fan_3"
                        }
                    },
			        "minecraft:block_light_absorption": 0.0
				}
            },
            {
                "condition": "query.block_property('decor:fan') == 4",
                "components": {
                    "minecraft:geometry": "geometry.fan_4",
	                "minecraft:on_interact": { 
			          "event": "interact4"
			        },
                    "minecraft:ticking": {
                      "looping": false,
                      "range": [ 0, 0 ],
                      "on_tick": {
                      "event": "fan_4"
                        }
                    },
			        "minecraft:block_light_absorption": 0.0
				}
            },
            {
                "condition": "query.block_property('decor:fan') == 5",
                "components": {
                    "minecraft:geometry": "geometry.fan_5",
	                "minecraft:on_interact": { 
			          "event": "interact5"
			        },
                    "minecraft:ticking": {
                      "looping": false,
                      "range": [ 0, 0 ],
                      "on_tick": {
                      "event": "fan_5"
                        }
                    },
			        "minecraft:block_light_absorption": 0.0
				}
            },
            {
                "condition": "query.block_property('decor:fan') == 6",
                "components": {
                    "minecraft:geometry": "geometry.fan_6",
	                "minecraft:on_interact": { 
			          "event": "interact6"
			        },
                    "minecraft:ticking": {
                      "looping": false,
                      "range": [ 0, 0 ],
                      "on_tick": {
                      "event": "fan_6"
                        }
                    },
			        "minecraft:block_light_absorption": 0.0
				}
            },
            {
                "condition": "query.block_property('decor:fan') == 7",
                "components": {
                    "minecraft:geometry": "geometry.fan",
	                "minecraft:on_interact": { 
			          "event": "interact7"
			        },
                    "minecraft:ticking": {
                      "looping": false,
                      "range": [ 0, 0 ],
                      "on_tick": {
                      "event": "fan_7"
                        }
                    },
			        "minecraft:block_light_absorption": 0.0
				}
            },
            {
                "condition": "query.block_property('decor:fan') == 8",
                "components": {
                    "minecraft:geometry": "geometry.fan_1",
                    "minecraft:block_light_emission": 1.0,
	                "minecraft:on_interact": { 
			          "event": "interact8"
			        },
                    "minecraft:ticking": {
                      "looping": false,
                      "range": [ 0, 0 ],
                      "on_tick": {
                      "event": "fan_8"
                        }
                    },
			        "minecraft:block_light_absorption": 0.0,
                    "minecraft:material_instances": {
                      "*": {
                         "texture": "fan",
                         "render_method": "opaque"
                        }
                    }
				}
            },
            {
                "condition": "query.block_property('decor:fan') == 9",
                "components": {
                    "minecraft:geometry": "geometry.fan_2",
					"minecraft:block_light_emission": 1.0,
	                "minecraft:on_interact": { 
			          "event": "interact9"
			        },
                    "minecraft:ticking": {
                      "looping": false,
                      "range": [ 0, 0 ],
                      "on_tick": {
                      "event": "fan_9"
                        }
                    },
			        "minecraft:block_light_absorption": 0.0,
                    "minecraft:material_instances": {
                      "*": {
                         "texture": "fan",
                         "render_method": "opaque"
                        }
                    }
				}
            },
            {
                "condition": "query.block_property('decor:fan') == 10",
                "components": {
                    "minecraft:geometry": "geometry.fan_3",
					"minecraft:block_light_emission": 1.0,
	                "minecraft:on_interact": { 
			          "event": "interact10"
			        },
                    "minecraft:ticking": {
                      "looping": false,
                      "range": [ 0, 0 ],
                      "on_tick": {
                      "event": "fan_10"
                        }
                    },
			        "minecraft:block_light_absorption": 0.0,
                    "minecraft:material_instances": {
                      "*": {
                         "texture": "fan",
                         "render_method": "opaque"
                        }
                    }
				}
            },
            {
                "condition": "query.block_property('decor:fan') == 11",
                "components": {
                    "minecraft:geometry": "geometry.fan_4",
					"minecraft:block_light_emission": 1.0,
	                "minecraft:on_interact": { 
			          "event": "interact11"
			        },
                    "minecraft:ticking": {
                      "looping": false,
                      "range": [ 0, 0 ],
                      "on_tick": {
                      "event": "fan_11"
                        }
                    },
			        "minecraft:block_light_absorption": 0.0,
                    "minecraft:material_instances": {
                      "*": {
                         "texture": "fan",
                         "render_method": "opaque"
                        }
                    }
				}
            },
            {
                "condition": "query.block_property('decor:fan') == 12",
                "components": {
                    "minecraft:geometry": "geometry.fan_5",
					"minecraft:block_light_emission": 1.0,
	                "minecraft:on_interact": { 
			          "event": "interact12"
			        },
                    "minecraft:ticking": {
                      "looping": false,
                      "range": [ 0, 0 ],
                      "on_tick": {
                      "event": "fan_12"
                        }
                    },
			        "minecraft:block_light_absorption": 0.0,
                    "minecraft:material_instances": {
                      "*": {
                         "texture": "fan",
                         "render_method": "opaque"
                        }
                    }
				}
            },
            {
                "condition": "query.block_property('decor:fan') == 13",
                "components": {
                    "minecraft:geometry": "geometry.fan_6",
					"minecraft:block_light_emission": 1.0,
	                "minecraft:on_interact": { 
			          "event": "interact13"
			        },
                    "minecraft:ticking": {
                      "looping": false,
                      "range": [ 0, 0 ],
                      "on_tick": {
                      "event": "fan_13"
                        }
                    },
			        "minecraft:block_light_absorption": 0.0,
                    "minecraft:material_instances": {
                      "*": {
                         "texture": "fan",
                         "render_method": "opaque"
                        }
                    }
				}
            },
            {
                "condition": "query.block_property('decor:fan') == 14",
                "components": {
                    "minecraft:geometry": "geometry.fan",
					"minecraft:block_light_emission": 1.0,
	                "minecraft:on_interact": { 
			          "event": "interact14"
			        },
                    "minecraft:ticking": {
                      "looping": false,
                      "range": [ 0, 0 ],
                      "on_tick": {
                      "event": "fan_14"
                        }
                    },
			        "minecraft:block_light_absorption": 0.0,
                    "minecraft:material_instances": {
                      "*": {
                         "texture": "fan",
                         "render_method": "opaque"
                        }
                    }
				}
            }
        ],
        "events": {
            "decor:face": {
                "set_block_property": {
                    "decor:face": "query.cardinal_facing_2d-2"
                }
            },
            "interact1": {
			"sequence":[
			  {
			    "trigger":{
				  "target": "self",
				  "event": "decor:toggle8"
				},
				"condition": "query.is_sneaking"
			        },
			  {
			    "trigger":{
				  "target": "self",
				  "event": "decor:toggle"
				},
				"condition": "!query.is_sneaking"
			        }
		        ]
            },
            "interact2": {
			"sequence":[
			  {
			    "trigger":{
				  "target": "self",
				  "event": "decor:toggle9"
				},
				"condition": "query.is_sneaking"
			        },
			  {
			    "trigger":{
				  "target": "self",
				  "event": "decor:toggle"
				},
				"condition": "!query.is_sneaking"
			        }
		        ]
            },
            "interact3": {
			"sequence":[
			  {
			    "trigger":{
				  "target": "self",
				  "event": "decor:toggle10"
				},
				"condition": "query.is_sneaking"
			        },
			  {
			    "trigger":{
				  "target": "self",
				  "event": "decor:toggle"
				},
				"condition": "!query.is_sneaking"
			        }
		        ]
            },
            "interact4": {
			"sequence":[
			  {
			    "trigger":{
				  "target": "self",
				  "event": "decor:toggle11"
				},
				"condition": "query.is_sneaking"
			        },
			  {
			    "trigger":{
				  "target": "self",
				  "event": "decor:toggle"
				},
				"condition": "!query.is_sneaking"
			        }
		        ]
            },
            "interact5": {
			"sequence":[
			  {
			    "trigger":{
				  "target": "self",
				  "event": "decor:toggle12"
				},
				"condition": "query.is_sneaking"
			        },
			  {
			    "trigger":{
				  "target": "self",
				  "event": "decor:toggle"
				},
				"condition": "!query.is_sneaking"
			        }
		        ]
            },
            "interact6": {
			"sequence":[
			  {
			    "trigger":{
				  "target": "self",
				  "event": "decor:toggle13"
				},
				"condition": "query.is_sneaking"
			        },
			  {
			    "trigger":{
				  "target": "self",
				  "event": "decor:toggle"
				},
				"condition": "!query.is_sneaking"
			        }
		        ]
            },
            "interact7": {
			"sequence":[
			  {
			    "trigger":{
				  "target": "self",
				  "event": "decor:toggle14"
				},
				"condition": "query.is_sneaking"
			        },
			  {
			    "trigger":{
				  "target": "self",
				  "event": "decor:toggle"
				},
				"condition": "!query.is_sneaking"
			        }
		        ]
            },
            "interact8": {
			"sequence":[
			  {
			    "trigger":{
				  "target": "self",
				  "event": "decor:toggle1"
				},
				"condition": "query.is_sneaking"
			        },
			  {
			    "trigger":{
				  "target": "self",
				  "event": "decor:toggle"
				},
				"condition": "!query.is_sneaking"
			        }
		        ]
            },
            "interact9": {
			"sequence":[
			  {
			    "trigger":{
				  "target": "self",
				  "event": "decor:toggle2"
				},
				"condition": "query.is_sneaking"
			        },
			  {
			    "trigger":{
				  "target": "self",
				  "event": "decor:toggle"
				},
				"condition": "!query.is_sneaking"
			        }
		        ]
            },
            "interact10": {
			"sequence":[
			  {
			    "trigger":{
				  "target": "self",
				  "event": "decor:toggle3"
				},
				"condition": "query.is_sneaking"
			        },
			  {
			    "trigger":{
				  "target": "self",
				  "event": "decor:toggle"
				},
				"condition": "!query.is_sneaking"
			        }
		        ]
            },
            "interact11": {
			"sequence":[
			  {
			    "trigger":{
				  "target": "self",
				  "event": "decor:toggle4"
				},
				"condition": "query.is_sneaking"
			        },
			  {
			    "trigger":{
				  "target": "self",
				  "event": "decor:toggle"
				},
				"condition": "!query.is_sneaking"
			        }
		        ]
            },
            "interact12": {
			"sequence":[
			  {
			    "trigger":{
				  "target": "self",
				  "event": "decor:toggle5"
				},
				"condition": "query.is_sneaking"
			        },
			  {
			    "trigger":{
				  "target": "self",
				  "event": "decor:toggle"
				},
				"condition": "!query.is_sneaking"
			        }
		        ]
            },
            "interact13": {
			"sequence":[
			  {
			    "trigger":{
				  "target": "self",
				  "event": "decor:toggle6"
				},
				"condition": "query.is_sneaking"
			        },
			  {
			    "trigger":{
				  "target": "self",
				  "event": "decor:toggle"
				},
				"condition": "!query.is_sneaking"
			        }
		        ]
            },
            "interact14": {
			"sequence":[
			  {
			    "trigger":{
				  "target": "self",
				  "event": "decor:toggle7"
				},
				"condition": "query.is_sneaking"
			        },
			  {
			    "trigger":{
				  "target": "self",
				  "event": "decor:toggle"
				},
				"condition": "!query.is_sneaking"
			        }
		        ]
            },
            "fan_1": {
                "set_block_property": {
                    "decor:fan": 2
                }
			},
            "fan_2": {
                "set_block_property": {
                    "decor:fan": 3
                }
			},
            "fan_3": {
                "set_block_property": {
                    "decor:fan": 4
                }
			},
            "fan_4": {
                "set_block_property": {
                    "decor:fan": 5
                }
			},
            "fan_5": {
                "set_block_property": {
                    "decor:fan": 6
                }
			},
            "fan_6": {
                "set_block_property": {
                    "decor:fan": 7
                }
			},
            "fan_7": {
                "set_block_property": {
                    "decor:fan": 1
                }
			},
            "fan_8": {
                "set_block_property": {
                    "decor:fan": 9
                }
			},
            "fan_9": {
                "set_block_property": {
                    "decor:fan": 10
                }
			},
            "fan_10": {
                "set_block_property": {
                    "decor:fan": 11
                }
			},
            "fan_11": {
                "set_block_property": {
                    "decor:fan": 12
                }
			},
            "fan_12": {
                "set_block_property": {
                    "decor:fan": 13
                }
			},
            "fan_13": {
                "set_block_property": {
                    "decor:fan": 14
                }
			},
            "fan_14": {
                "set_block_property": {
                    "decor:fan": 8
                }
			},
            "decor:toggle": {
                "set_block_property": {
                    "decor:fan": 0
                }
            },
            "decor:toggle1": {
                "set_block_property": {
                    "decor:fan": 1
                }
            },
            "decor:toggle2": {
                "set_block_property": {
                    "decor:fan": 2
                }
            },
            "decor:toggle3": {
                "set_block_property": {
                    "decor:fan": 3
                }
            },
            "decor:toggle4": {
                "set_block_property": {
                    "decor:fan": 4
                  }
            },
            "decor:toggle5": {
                "set_block_property": {
                    "decor:fan": 5
                }
            },
            "decor:toggle6": {
                "set_block_property": {
                    "decor:fan": 6
                }
            },
            "decor:toggle7": {
                "set_block_property": {
                    "decor:fan": 7
                }
            },
            "decor:toggle8": {
                "set_block_property": {
                    "decor:fan": 8
                }
            },
            "decor:toggle9": {
                "set_block_property": {
                    "decor:fan": 9
                }
            },
            "decor:toggle10": {
                "set_block_property": {
                    "decor:fan": 10
                }
            },
            "decor:toggle11": {
                "set_block_property": {
                    "decor:fan": 11
                  }
            },
            "decor:toggle12": {
                "set_block_property": {
                    "decor:fan": 12
                }
            },
            "decor:toggle13": {
                "set_block_property": {
                    "decor:fan": 13
                }
            },
            "decor:toggle14": {
                "set_block_property": {
                    "decor:fan": 14
                }
            }
        }
    }
}
