{
    "format_version": "1.16.100",
    "minecraft:block": {
        "description": {
            "identifier": "furniture:floor_fan",
            "properties": {
                "decor:face": [ 0, 1, 2, 3 ],
                "decor:fan": [ 0, 1, 2, 3, 4, 5, 6, 7, 8, 9, 10, 11, 12 ]
            }
        },
        "components": {
            "minecraft:material_instances": {
                "*": {
                    "texture": "floor_fan",
                    "render_method": "opaque"
                }
            },
            "minecraft:pick_collision": {
                "origin": [ -8, 0, -8 ],
                "size": [ 16, 16, 16 ]
            },
            "minecraft:loot": "loot_tables/random/floor_fan.json",
            "minecraft:geometry": "geometry.floor_fan",
            "minecraft:destroy_time": 2.0,
			"minecraft:block_light_absorption": 0.0,
            "minecraft:unwalkable": false,
            "minecraft:entity_collision": {
                "origin": [ -8.0, 0.0, -8.0 ],
                "size": [ 16, 16, 16 ]
            },
            "minecraft:friction": 0.6,
            "minecraft:map_color": "#00ff00",
            "minecraft:flammable": {
                "flame_odds": 0,
                "burn_odds": 0
            },

            "minecraft:on_interact": { 
			"event": "floor_fan_6"
			},
            "minecraft:on_player_placing": { "event": "decor:face" }
        },
        "permutations": [
            {
                "condition": "query.block_property('decor:face') == 0",
                "components": { "minecraft:rotation": [ 0, 180, 0 ] }
            }, {
                "condition": "query.block_property('decor:face') == 1",
                "components": { "minecraft:rotation": [ 0, 0, 0 ] }
            }, {
                "condition": "query.block_property('decor:face') == 2",
                "components": { "minecraft:rotation": [ 0, 270, 0 ] }
            },  {
                "condition": "query.block_property('decor:face') == 3",
                "components": { "minecraft:rotation": [ 0, 90, 0 ] }
            },
            {
                "condition": "query.block_property('decor:fan') == 1",
                "components": {
                    "minecraft:geometry": "geometry.floor_fan_1",
	                "minecraft:on_interact": { 
			          "event": "decor:toggle"
			        },
                    "minecraft:ticking": {
                      "looping": false,
                      "range": [ 0, 0 ],
                      "on_tick": {
                      "event": "floor_fan_1"
                        }
                    },
			        "minecraft:block_light_absorption": 0.0
				}
            },
            {
                "condition": "query.block_property('decor:fan') == 2",
                "components": {
                    "minecraft:geometry": "geometry.floor_fan_2",
	                "minecraft:on_interact": { 
			          "event": "decor:toggle"
			        },
                    "minecraft:ticking": {
                      "looping": false,
                      "range": [ 0, 0 ],
                      "on_tick": {
                      "event": "floor_fan_2"
                        }
                    },
			        "minecraft:block_light_absorption": 0.0
				}
            },
            {
                "condition": "query.block_property('decor:fan') == 3",
                "components": {
                    "minecraft:geometry": "geometry.floor_fan_3",
	                "minecraft:on_interact": { 
			          "event": "decor:toggle"
			        },
                    "minecraft:ticking": {
                      "looping": false,
                      "range": [ 0, 0 ],
                      "on_tick": {
                      "event": "floor_fan_3"
                        }
                    },
			        "minecraft:block_light_absorption": 0.0
				}
            },
            {
                "condition": "query.block_property('decor:fan') == 4",
                "components": {
                    "minecraft:geometry": "geometry.floor_fan_4",
	                "minecraft:on_interact": { 
			          "event": "decor:toggle"
			        },
                    "minecraft:ticking": {
                      "looping": false,
                      "range": [ 0, 0 ],
                      "on_tick": {
                      "event": "floor_fan_4"
                        }
                    },
			        "minecraft:block_light_absorption": 0.0
				}
            },
            {
                "condition": "query.block_property('decor:fan') == 5",
                "components": {
                    "minecraft:geometry": "geometry.floor_fan_5",
	                "minecraft:on_interact": { 
			          "event": "decor:toggle"
			        },
                    "minecraft:ticking": {
                      "looping": false,
                      "range": [ 0, 0 ],
                      "on_tick": {
                      "event": "floor_fan_5"
                        }
                    },
			        "minecraft:block_light_absorption": 0.0
				}
            },
            {
                "condition": "query.block_property('decor:fan') == 6",
                "components": {
                    "minecraft:geometry": "geometry.floor_fan",
	                "minecraft:on_interact": { 
			          "event": "decor:toggle"
			        },
                    "minecraft:ticking": {
                      "looping": false,
                      "range": [ 0, 0 ],
                      "on_tick": {
                      "event": "floor_fan_6"
                        }
                    },
			        "minecraft:block_light_absorption": 0.0
				}
            }
        ],
        "events": {
            "decor:face": {
                "set_block_property": {
                    "decor:face": "query.cardinal_facing_2d-2"
                }
            },
            "floor_fan_1": {
                "set_block_property": {
                    "decor:fan": 2
                }
			},
            "floor_fan_2": {
                "set_block_property": {
                    "decor:fan": 3
                }
			},
            "floor_fan_3": {
                "set_block_property": {
                    "decor:fan": 4
                }
			},
            "floor_fan_4": {
                "set_block_property": {
                    "decor:fan": 5
                }
			},
            "floor_fan_5": {
                "set_block_property": {
                    "decor:fan": 6
                }
			},
            "floor_fan_6": {
                "set_block_property": {
                    "decor:fan": 1
                }
			},
            "decor:toggle": {
                "set_block_property": {
                    "decor:fan": 0
                }
            }
        }
    }
}
