{
    "format_version": "1.16.100",
    "minecraft:block": {
        "description": {
            "identifier": "furniture:light_switch",
            "properties": {
                "decor:face": [ 0, 1, 2, 3 ],
                "decor:active": [ false, true ]
            }
        },
        "components": {
            "minecraft:material_instances": {
                "*": {
                    "texture": "light_switch",
                    "render_method": "opaque"
                }
            },
            "minecraft:pick_collision": {
                "origin": [ -3, 4, 5 ],
                "size": [ 6, 8, 3 ]
            },
            "minecraft:loot": "loot_tables/random/light_switch.json",
            "minecraft:geometry": "geometry.light_switch_1",
            "minecraft:destroy_time": 2.0,
			"minecraft:block_light_absorption": 0.0,
            "minecraft:unwalkable": true,
            "minecraft:entity_collision": {
                "origin": [ -3.0, 4.0, 5.0 ],
                "size": [ 6, 8, 3 ]
            },
            "minecraft:friction": 0.6,
            "minecraft:map_color": "#00ff00",
            "minecraft:flammable": {
                "flame_odds": 0,
                "burn_odds": 0
            },

            "minecraft:on_interact": { 
			"event": "decor:toggle"
			},
            "minecraft:on_player_placing": { "event": "decor:face" }
        },
        "permutations": [
            {
                "condition": "query.block_property('decor:face') == 0",
                "components": { "minecraft:rotation": [ 0, 180, 0 ] }
            }, {
                "condition": "query.block_property('decor:face') == 1",
                "components": { "minecraft:rotation": [ 0, 0, 0 ] }
            }, {
                "condition": "query.block_property('decor:face') == 2",
                "components": { "minecraft:rotation": [ 0, 270, 0 ] }
            },  {
                "condition": "query.block_property('decor:face') == 3",
                "components": { "minecraft:rotation": [ 0, 90, 0 ] }
            },
            {
                "condition": "!query.block_property('decor:active')",
                "components": {
                    "minecraft:geometry": "geometry.light_switch",
                    "minecraft:on_interact": { 
			          "event": "decor:toggle1"
			        },
			        "minecraft:block_light_absorption": 0.0,
                    "minecraft:material_instances": {
                        "*": {
                            "texture": "light_switch",
                            "render_method": "opaque"
					    }
				    }
				}
            }
        ],
        "events": {
            "decor:face": {
                "set_block_property": {
                    "decor:face": "query.cardinal_facing_2d-2"
                }
            },
            "decor:toggle": {
                "set_block_property": {
                    "decor:active": "query.block_property('decor:active') ? false : true"
                },
                "run_command": {
                    "command": ["fill ~-4~0~-4 ~4~4~4 furniture:ceiling_lamp_off 0 replace furniture:ceiling_lamp_on","fill ~-4~0~-4 ~4~4~4 furniture:ceiling_lamp_1_off 0 replace furniture:ceiling_lamp_1_on", "playsound light_switch @p ~~~"]
                }
            },
            "decor:toggle1": {
                "set_block_property": {
                    "decor:active": "query.block_property('decor:active') ? false : true"
                },
                "run_command": {
                    "command": ["fill ~-4~0~-4 ~4~4~4 furniture:ceiling_lamp_on 0 replace furniture:ceiling_lamp_off", "fill ~-4~0~-4 ~4~4~4 furniture:ceiling_lamp_1_on 0 replace furniture:ceiling_lamp_1_off", "playsound light_switch @p ~~~"]
                }
            }
        }
    }
}
