{
    "format_version": "1.16.100",
    "minecraft:block": {
        "description": {
            "identifier": "furniture:shelf",
            "properties": {
                "decor:face": [ 0, 1, 2, 3 ],
                "decor:book": [ 0, 1, 2, 3, 4, 5 ]
            }
        },
        "components": {
            "minecraft:material_instances": {
                "*": {
                    "texture": "shelf",
                    "render_method": "alpha_test"
                }
            },
            "minecraft:pick_collision": {
                "origin": [ -7, 3, 1 ],
                "size": [ 14, 11, 7 ]
            },
            "minecraft:loot": "loot_tables/random/shelf.json",
            "minecraft:geometry": "geometry.shelf",
            "minecraft:destroy_time": 2.0,
			"minecraft:block_light_absorption": 0.0,
            "minecraft:unwalkable": true,
            "minecraft:entity_collision": {
                "origin": [ -7, 3, 1 ],
                "size": [ 14, 11, 7 ]
            },

            "minecraft:friction": 0.6,
            "minecraft:map_color": "#00ff00",
            "minecraft:flammable": {
                "flame_odds": 0,
                "burn_odds": 0
            },

            "minecraft:on_interact": { 
			"event": "decor:toggle",
			"condition": "query.get_equipped_item_name=='book'"
			},
            "minecraft:on_player_placing": { "event": "decor:face" }
        },
        "permutations": [
            {
                "condition": "query.block_property('decor:face') == 0",
                "components": { "minecraft:rotation": [ 0, 180, 0 ] }
            }, {
                "condition": "query.block_property('decor:face') == 1",
                "components": { "minecraft:rotation": [ 0, 0, 0 ] }
            }, {
                "condition": "query.block_property('decor:face') == 2",
                "components": { "minecraft:rotation": [ 0, 270, 0 ] }
            },  {
                "condition": "query.block_property('decor:face') == 3",
                "components": { "minecraft:rotation": [ 0, 90, 0 ] }
            },
            {
                "condition": "query.block_property('decor:book')==1",
                "components": {
                    "minecraft:geometry": "geometry.shelf_book_1",
                    "minecraft:on_interact": { 
			           "event": "interact1"
					},
			        "minecraft:block_light_absorption": 0.0,
                    "minecraft:material_instances": {
                        "*": {
                            "texture": "shelf",
                            "render_method": "alpha_test"
					    }
				    }
				}
            },
            {
                "condition": "query.block_property('decor:book')==2",
                "components": {
                    "minecraft:geometry": "geometry.shelf_book_2",
                    "minecraft:on_interact": { 
			           "event": "interact2"
					},
			        "minecraft:block_light_absorption": 0.0,
                    "minecraft:material_instances": {
                        "*": {
                            "texture": "shelf",
                            "render_method": "alpha_test"
					    }
				    }
				}
            },
            {
                "condition": "query.block_property('decor:book')==3",
                "components": {
                    "minecraft:geometry": "geometry.shelf_book_3",
                    "minecraft:on_interact": { 
			           "event": "interact3"
					},
			        "minecraft:block_light_absorption": 0.0,
                    "minecraft:material_instances": {
                        "*": {
                            "texture": "shelf",
                            "render_method": "alpha_test"
					    }
				    }
				}
            },
            {
                "condition": "query.block_property('decor:book')==4",
                "components": {
                    "minecraft:geometry": "geometry.shelf_book_4",
                    "minecraft:on_interact": { 
			           "event": "interact4"
					},
			        "minecraft:block_light_absorption": 0.0,
                    "minecraft:material_instances": {
                        "*": {
                            "texture": "shelf",
                            "render_method": "alpha_test"
					    }
				    }
				}
            },
            {
                "condition": "query.block_property('decor:book')==5",
                "components": {
                    "minecraft:geometry": "geometry.shelf_book_5",
                    "minecraft:on_interact": { 
			           "event": "decor:normal5"
					},
			        "minecraft:block_light_absorption": 0.0,
                    "minecraft:material_instances": {
                        "*": {
                            "texture": "shelf",
                            "render_method": "alpha_test"
					    }
				    }
				}
            }
        ],
        "events": {
            "decor:face": {
                "set_block_property": {
                    "decor:face": "query.cardinal_facing_2d-2"
                }
            },
            "interact1": {
			"sequence":[
			  {
			    "trigger":{
				  "target": "self",
				  "event": "decor:toggle"
				},
				"condition": "query.get_equipped_item_name('main_hand')== 'book'"
			        },
			  {
			    "trigger":{
				  "target": "self",
				  "event": "decor:normal1"
				},
				"condition": "query.get_equipped_item_name('main_hand')!= 'book'"
			        }
		        ]
            },
            "interact2": {
			"sequence":[
			  {
			    "trigger":{
				  "target": "self",
				  "event": "decor:toggle"
				},
				"condition": "query.get_equipped_item_name('main_hand')== 'book'"
			        },
			  {
			    "trigger":{
				  "target": "self",
				  "event": "decor:normal2"
				},
				"condition": "query.get_equipped_item_name('main_hand')!= 'book'"
			        }
		        ]
            },
            "interact3": {
			"sequence":[
			  {
			    "trigger":{
				  "target": "self",
				  "event": "decor:toggle"
				},
				"condition": "query.get_equipped_item_name('main_hand')== 'book'"
			        },
			  {
			    "trigger":{
				  "target": "self",
				  "event": "decor:normal3"
				},
				"condition": "query.get_equipped_item_name('main_hand')!= 'book'"
			        }
		        ]
            },
            "interact4": {
			"sequence":[
			  {
			    "trigger":{
				  "target": "self",
				  "event": "decor:toggle"
				},
				"condition": "query.get_equipped_item_name('main_hand')== 'book'"
			        },
			  {
			    "trigger":{
				  "target": "self",
				  "event": "decor:normal4"
				},
				"condition": "query.get_equipped_item_name('main_hand')!= 'book'"
			        }
		        ]
            },
            "decor:toggle": {
                "set_block_property": {
                    "decor:book": "query.block_property('decor:book')+1"
                },
				"decrement_stack": {}
            },
            "decor:normal1": {
                "set_block_property": {
                    "decor:book": 0
                },
            "spawn_loot": {
		       "table": "loot_tables/books/book_1.json"
                }
            },
            "decor:normal2": {
                "set_block_property": {
                    "decor:book": 0
                },
            "spawn_loot": {
		       "table": "loot_tables/books/book_2.json"
                }
            },
            "decor:normal3": {
                "set_block_property": {
                    "decor:book": 0
                },
            "spawn_loot": {
		       "table": "loot_tables/books/book_3.json"
                }
            },
            "decor:normal4": {
                "set_block_property": {
                    "decor:book": 0
                },
            "spawn_loot": {
		       "table": "loot_tables/books/book_4.json"
                }
            },
            "decor:normal5": {
                "set_block_property": {
                    "decor:book": 0
                },
            "spawn_loot": {
		       "table": "loot_tables/books/book_5.json"
                }
            }
        }
    }
}