{
    "format_version": "1.16.100",
    "minecraft:block": {
        "description": {
            "identifier": "furniture:swimming_pool_trampoline",
            "properties": {
                "decor:face": [ 0, 1, 2, 3 ]
            }
        },
        "components": {
            "minecraft:material_instances": {
                "*": {
                    "texture": "swimming_pool_trampoline",
                    "render_method": "alpha_test"
                }
            },
            "minecraft:loot": "loot_tables/random/swimming_pool_trampoline.json",
            "minecraft:geometry": "geometry.swimming_pool_trampoline",
            "minecraft:destroy_time": 2.0,
			"minecraft:block_light_absorption": 0.0,
            "minecraft:unwalkable": true,
            "minecraft:entity_collision": {
                "origin": [ -8.0, 0.0, -8.0 ],
                "size": [ 16, 8, 16 ]
            },
            "minecraft:pick_collision": {
                "origin": [ -8, 0, -8 ],
                "size": [ 16, 8, 16 ]
            },
            "minecraft:on_player_placing": { 
			     "event": "decor:face" 
	      },
            "minecraft:on_step_on": { 
			     "event": "decor:jump" 
	      },
            "minecraft:on_placed": { 
			     "event": "decor:block" 
	      }		  
        },
        "permutations": [
            {
                "condition": "query.block_property('decor:face') == 0",
                "components": { "minecraft:rotation": [ 0, 180, 0 ] }
            }, {
                "condition": "query.block_property('decor:face') == 1",
                "components": { "minecraft:rotation": [ 0, 0, 0 ] }
            }, {
                "condition": "query.block_property('decor:face') == 2",
                "components": { "minecraft:rotation": [ 0, 270, 0 ] }
            },  {
                "condition": "query.block_property('decor:face') == 3",
                "components": { "minecraft:rotation": [ 0, 90, 0 ] }
            }
        ],
    "events": {    
      "decor:face": {
        "set_block_property": {
          "decor:face": "query.cardinal_facing_2d-2"
        }
	  },
      "decor:jump": {
         "run_command": {
            "command": "effect @p jump_boost 2 1 true"
          }
      },
      "decor:block": {
        "sequence": [
          {
            "condition": "query.block_property('decor:face') == 0",
            "run_command": {
              "command": "setblock ~~~1 furniture:colision_trampoline_1 0 keep"
			}
          },
          {
            "condition": "query.block_property('decor:face') == 1",
            "run_command": {
              "command": "setblock ~~~-1 furniture:colision_trampoline_2 0 keep"
			}
          },
          {
            "condition": "query.block_property('decor:face') == 2",
            "run_command": {
              "command": "setblock ~1~~ furniture:colision_trampoline_3 0 keep"
			}
          },
          {
            "condition": "query.block_property('decor:face') == 3",
            "run_command": {
              "command": "setblock ~-1~~ furniture:colision_trampoline_4 0 keep"
			}
          }
        ]
      }
    }
  }
}
