{
    "format_version": "1.16.100",
    "minecraft:block": {
        "description": {
            "identifier": "furniture:swimming_pool_tile"
        },
        "components": {
            "minecraft:material_instances": {
                "*": {
                    "texture": "swimming_pool_tile",
                    "render_method": "opaque"
                }
            },
            "minecraft:unit_cube": {},
            "minecraft:destroy_time": 2.0,
			"minecraft:block_light_absorption": 0.0,
            "minecraft:unwalkable": true
    }
  }
}
