{
    "format_version": "1.16.100",
    "minecraft:block": {
        "description": {
            "identifier": "furniture:window_dressing",
            "properties": {
                "decor:face": [ 0, 1, 2, 3 ]
            }
        },
        "components": {
            "minecraft:material_instances": {
                "*": {
                    "texture": "oak_table_chair",
                    "render_method": "opaque"
                }
            },
            "minecraft:loot": "loot_tables/random/window_dressing.json",
            "minecraft:geometry": "geometry.window_dressing",
            "minecraft:destroy_time": 2.0,
			"minecraft:block_light_absorption": 0.0,
            "minecraft:unwalkable": true,
            "minecraft:entity_collision": {
                "origin": [ -8.0, 0.0, -8.0 ],
                "size": [ 16, 16, 4 ]
            },
            "minecraft:pick_collision": {
                "origin": [ -8, 0, -8 ],
                "size": [ 16, 16, 4 ]
            },
            "minecraft:on_player_placing": { 
			   "event": "decor:face" 
		    },
            "minecraft:on_placed": {
               "event": "decor:change"
            }    
        },
        "permutations": [
            {
                "condition": "query.block_property('decor:face') == 0",
                "components": { "minecraft:rotation": [ 0, 180, 0 ] }
            }, {
                "condition": "query.block_property('decor:face') == 1",
                "components": { "minecraft:rotation": [ 0, 0, 0 ] }
            }, {
                "condition": "query.block_property('decor:face') == 2",
                "components": { "minecraft:rotation": [ 0, 270, 0 ] }
            },  {
                "condition": "query.block_property('decor:face') == 3",
                "components": { "minecraft:rotation": [ 0, 90, 0 ] }
            }
        ],
        "events": {
      "decor:change": {
        "run_command": {
          "command": [
            "summon furniture:window_dressing",
            "summon furniture:window_dressing ~1~~",
            "summon furniture:window_dressing ~-1~~",
            "summon furniture:window_dressing ~~~1",
            "summon furniture:window_dressing ~~~-1"
          ]
        }
      },                
      "decor:face": {
        "set_block_property": {
          "decor:face": "query.cardinal_facing_2d-2"
        }
      }
    }
  }
}
