{
    "format_version": "1.16.100",
    "minecraft:block": {
        "description": {
            "identifier": "furniture:desk_table",
            "properties": {
                "decor:face": [ 0, 1, 2, 3 ]
            }
        },
        "components": {
            "minecraft:material_instances": {
                "*": {
                    "texture": "desk_table",
                    "render_method": "opaque"
                }
            },
            "minecraft:loot": "loot_tables/random/desk_table.json",
            "minecraft:geometry": "geometry.desk_table",
            "minecraft:destroy_time": 2.0,
			"minecraft:block_light_absorption": 0.0,
            "minecraft:unwalkable": true,
            "minecraft:entity_collision": {
                "origin": [ -8.0, 0.0, -8.0 ],
                "size": [ 16, 16, 16 ]
            },
            "minecraft:pick_collision": {
                "origin": [ -8, 0, -8 ],
                "size": [ 16, 16, 16 ]
            },
            "minecraft:on_player_placing": { 
			   "event": "decor:face" 
		    }    
        },
        "permutations": [
            {
                "condition": "query.block_property('decor:face') == 0",
                "components": {
				    "minecraft:rotation": [ 0, 180, 0 ],
                    "minecraft:on_placed": {
                       "event": "place"
                    }  
				}
            },
			{
                "condition": "query.block_property('decor:face') == 1",
                "components": {
				    "minecraft:rotation": [ 0, 0, 0 ],
                    "minecraft:on_placed": {
                       "event": "place1"
                    }  
				}
            },
			{
                "condition": "query.block_property('decor:face') == 2",
                "components": {
				    "minecraft:rotation": [ 0, 270, 0 ],
                    "minecraft:on_placed": {
                       "event": "place2"
                    }  
				}
            },
			{
                "condition": "query.block_property('decor:face') == 3",
                "components": {
				    "minecraft:rotation": [ 0, 90, 0 ],
                    "minecraft:on_placed": {
                       "event": "place3"
                    }  
				}
            }
        ],
        "events": {
      "place": {
        "run_command": {
          "command": [
            "summon furniture:desk_table", "summon furniture:desk_table_1"
          ]
        }
      },  
      "place1": {
        "run_command": {
          "command": [
            "summon furniture:desk_table", "summon furniture:desk_table_1"
          ]
        },
	    "set_block_at_pos": {
	      "block_type":{
		  "name": "furniture:desk_table_1"
		  },
		  "block_offset": [ 0, 0, 0 ]
         }
      },    
      "place2": {
        "run_command": {
          "command": [
            "summon furniture:desk_table", "summon furniture:desk_table_1"
          ]
        },
	    "set_block_at_pos": {
	      "block_type":{
		  "name": "furniture:desk_table_2"
		  },
		  "block_offset": [ 0, 0, 0 ]
         }
      },    
      "place3": {
        "run_command": {
          "command": [
            "summon furniture:desk_table", "summon furniture:desk_table_1"
          ]
        },
	    "set_block_at_pos": {
	      "block_type":{
		  "name": "furniture:desk_table_3"
		  },
		  "block_offset": [ 0, 0, 0 ]
         }
      },         
      "decor:face": {
        "set_block_property": {
          "decor:face": "query.cardinal_facing_2d-2"
        }
      }
    }
  }
}
