{
  "format_version": "1.13.0",
  "minecraft:structure_template_feature": {
    "description": {
      "identifier": "furniture:cocopalm_2_placement_structure_feature"
    },
    "structure_name": "mystructure:cocopalm_2",
    "adjustment_radius": 8,
    "facing_direction": "north",
    "constraints": {
      "grounded": {},
      "block_intersection": {
        "block_whitelist": [
          "minecraft:air",
          "minecraft:grass",
          "minecraft:dirt",
		  "minecraft:sand"
        ]
      }
    }
  }
}