{
  "entity_sounds": {
    "entities": {
      "raigen:item_ground_more_tnt": {
        "volume": 1.0,
        "pitch": [ 0.8, 1.0 ],
        "events": {
          "death": "mob.chicken.plop"
        }
      },
      "raigen:place_caber": {
        "volume": 1.0,
        "pitch": [ 0.8, 1.0 ],
        "events": {
          "death": "armor.equip_diamond"
        }
      },
      "raigen:place_frag_grenade": {
        "volume": 1.0,
        "pitch": [ 0.8, 1.0 ],
        "events": {
          "death": "armor.equip_diamond"
        }
      },
      "raigen:place_generic_bomb": {
        "volume": 1.0,
        "pitch": [ 0.8, 1.0 ],
        "events": {
          "death": "armor.equip_diamond"
        }
      },
      "raigen:place_launcher": {
        "volume": 1.0,
        "pitch": [ 0.8, 1.0 ],
        "events": {
          "death": "armor.equip_diamond"
        }
      },
      "raigen:place_molotov": {
        "volume": 1.0,
        "pitch": [ 0.8, 1.0 ],
        "events": {
          "death": "mob.chicken.plop"
        }
      },
      "raigen:place_phosphorus_charge": {
        "volume": 1.0,
        "pitch": [ 0.8, 1.0 ],
        "events": {
          "death": "armor.equip_diamond"
        }
      },
      "raigen:place_potassium_charge": {
        "volume": 1.0,
        "pitch": [ 0.8, 1.0 ],
        "events": {
          "death": "armor.equip_diamond"
        }
      },
      "raigen:place_singularity_grenade": {
        "volume": 1.0,
        "pitch": [ 0.8, 1.0 ],
        "events": {
          "death": "armor.equip_diamond"
        }
      },
      "raigen:place_smoke_grenade": {
        "volume": 1.0,
        "pitch": [ 0.8, 1.0 ],
        "events": {
          "death": "armor.equip_diamond"
        }
      },
      "raigen:place_stun_grenade": {
        "volume": 1.0,
        "pitch": [ 0.8, 1.0 ],
        "events": {
          "death": "armor.equip_diamond"
        }
      },
      "raigen:place_tear_gas": {
        "volume": 1.0,
        "pitch": [ 0.8, 1.0 ],
        "events": {
          "death": "armor.equip_diamond"
        }
      },
      "raigen:place_tnt_stick": {
        "volume": 1.0,
        "pitch": [ 0.8, 1.0 ],
        "events": {
          "death": "mob.chicken.plop"
        }
      }
	}
  }
}