{
  "format_version": "1.10.0",
  "animation_controllers": {
    "controller.animation.singularity_grenade_function": {
      "states": {
        "default": {
          "transitions": [ { "walking": "(1.0)" } ],
          "on_entry": [ "/tp @e[r=10] @s" ]
        },
        "walking": {
          "transitions": [ { "default": "(1.0)" } ],
          "on_entry": [ "/tp @e[r=10] @s" ]
        }
      }
    },
    "controller.animation.singularity_grenade_particles": {
      "states": {
        "default": {
          "transitions": [ { "walking": "(1.0)" } ],
          "on_entry": [ "/function singularity_grenade_particles" ]
        },
        "walking": {
          "transitions": [ { "default": "(1.0)" } ],
          "on_entry": [ "/function singularity_grenade_particles" ]
        }
      }
    },
    "controller.animation.singularity_grenade_suffocation": {
      "states": {
        "default": {
          "transitions": [ { "walking": "(1.0)" } ],
          "on_entry": [ "/effect @e[r=2.5] instant_damage 1 1 true" ]
        },
        "walking": {
          "transitions": [ { "default": "(1.0)" } ],
          "on_entry": [ "/effect @e[r=2.5] instant_damage 1 1 true" ]
        }
      }
    },
    "controller.animation.dynamite_ignited": {
      "states": {
        "default": {
          "transitions": [ { "walking": "(1.0)" } ],
          "on_entry": [ "/function dynamite_ignited" ]
        },
        "walking": {
          "transitions": [ { "default": "(1.0)" } ],
          "on_entry": [ "/function dynamite_ignited" ]
        }
      }
    },
    "controller.animation.napalm_particles": {
      "states": {
        "default": {
          "transitions": [ { "walking": "(1.0)" } ],
          "on_entry": [ "/function napalm_function" ]
        },
        "walking": {
          "transitions": [ { "default": "(1.0)" } ],
          "on_entry": [ "/function napalm_function" ]
        }
      }
    },
    "controller.animation.nuke_explosion_particles": {
      "states": {
        "default": {
          "transitions": [ { "walking": "(1.0)" } ],
          "on_entry": [ "/function nuke_explosion_particles" ]
        },
        "walking": {
          "transitions": [ { "default": "(1.0)" } ],
          "on_entry": [ "/function nuke_explosion_particles" ]
        }
      }
    },
    "controller.animation.nuke_ignited": {
      "states": {
        "default": {
          "transitions": [ { "walking": "(1.0)" } ],
          "on_entry": [ "/function nuke_ignited" ]
        },
        "walking": {
          "transitions": [ { "default": "(1.0)" } ],
          "on_entry": [ "/function nuke_ignited" ]
        }
      }
    },
    "controller.animation.napalm_fragments": {
      "states": {
        "default": {
          "transitions": [ { "walking": "(1.0)" } ],
          "on_entry": [ "/function napalm_fragments" ]
        },
        "walking": {
          "transitions": [ { "default": "(1.0)" } ],
          "on_entry": [ "/function napalm_fragments" ]
        }
      }
    },
	
    "controller.animation.cryocharge_function": {
      "states": {
        "default": {
          "transitions": [ { "walking": "(1.0)" } ],
          "on_entry": [ "/function cryocharge_function" ]
        },
        "walking": {
          "transitions": [ { "default": "(1.0)" } ],
          "on_entry": [ "/function cryocharge_function" ]
        }
      }
    },
	
    "controller.animation.sticky_bomb_ignited": {
      "states": {
        "default": {
          "transitions": [ { "walking": "(1.0)" } ],
          "on_entry": [ "/function sticky_bomb_ignited" ]
        },
        "walking": {
          "transitions": [ { "default": "(1.0)" } ],
          "on_entry": [ "/function sticky_bomb_ignited" ]
        }
      }
    },
	
    "controller.animation.tear_gas": {
      "states": {
        "default": {
          "transitions": [ { "walking": "(1.0)" } ],
          "on_entry": [ "/clear @p[r=2] raigen:tear_gas 0 1" ]
        },
        "walking": {
          "transitions": [ { "default": "(1.0)" } ],
          "on_entry": [ "/clear @p[r=2] raigen:tear_gas 0 1" ]
        }
      }
    },
    "controller.animation.smoke_grenade": {
      "states": {
        "default": {
          "transitions": [ { "walking": "(1.0)" } ],
          "on_entry": [ "/clear @p[r=2] raigen:smoke_grenade 0 1" ]
        },
        "walking": {
          "transitions": [ { "default": "(1.0)" } ],
          "on_entry": [ "/clear @p[r=2] raigen:smoke_grenade 0 1" ]
        }
      }
    },
    "controller.animation.stun_grenade_function": {
      "states": {
        "default": {
          "transitions": [ { "walking": "(1.0)" } ],
          "on_entry": [ "/effect @e[r=3] slowness 15 5 true" ]
        },
        "walking": {
          "transitions": [ { "default": "(1.0)" } ],
          "on_entry": [ "/effect @e[r=3] slowness 15 5 true" ]
        }
      }
    },
    "controller.animation.stun_grenade": {
      "states": {
        "default": {
          "transitions": [ { "walking": "(1.0)" } ],
          "on_entry": [ "/clear @p[r=2] raigen:stun_grenade 0 1" ]
        },
        "walking": {
          "transitions": [ { "default": "(1.0)" } ],
          "on_entry": [ "/clear @p[r=2] raigen:stun_grenade 0 1" ]
        }
      }
    },
    "controller.animation.dynamite_stick": {
      "states": {
        "default": {
          "transitions": [ { "walking": "(1.0)" } ],
          "on_entry": [ "/clear @p[r=2] raigen:dynamite_stick 0 1" ]
        },
        "walking": {
          "transitions": [ { "default": "(1.0)" } ],
          "on_entry": [ "/clear @p[r=2] raigen:dynamite_stick 0 1" ]
        }
      }
    },
    "controller.animation.generic_bomb": {
      "states": {
        "default": {
          "transitions": [ { "walking": "(1.0)" } ],
          "on_entry": [ "/clear @p[r=2] raigen:generic_bomb 0 1" ]
        },
        "walking": {
          "transitions": [ { "default": "(1.0)" } ],
          "on_entry": [ "/clear @p[r=2] raigen:generic_bomb 0 1" ]
        }
      }
    },
    "controller.animation.molotov": {
      "states": {
        "default": {
          "transitions": [ { "walking": "(1.0)" } ],
          "on_entry": [ "/clear @p[r=2] raigen:molotov 0 1" ]
        },
        "walking": {
          "transitions": [ { "default": "(1.0)" } ],
          "on_entry": [ "/clear @p[r=2] raigen:molotov 0 1" ]
        }
      }
    },
    "controller.animation.potassium_charge": {
      "states": {
        "default": {
          "transitions": [ { "walking": "(1.0)" } ],
          "on_entry": [ "/clear @p[r=2] raigen:potassium_charge 0 1" ]
        },
        "walking": {
          "transitions": [ { "default": "(1.0)" } ],
          "on_entry": [ "/clear @p[r=2] raigen:potassium_charge 0 1" ]
        }
      }
    },
    "controller.animation.phosphorus_charge": {
      "states": {
        "default": {
          "transitions": [ { "walking": "(1.0)" } ],
          "on_entry": [ "/clear @p[r=2] raigen:phosphorus_charge 0 1" ]
        },
        "walking": {
          "transitions": [ { "default": "(1.0)" } ],
          "on_entry": [ "/clear @p[r=2] raigen:phosphorus_charge 0 1" ]
        }
      }
    },
    "controller.animation.singularity_grenade": {
      "states": {
        "default": {
          "transitions": [ { "walking": "(1.0)" } ],
          "on_entry": [ "/clear @p[r=2] raigen:singularity_grenade 0 1" ]
        },
        "walking": {
          "transitions": [ { "default": "(1.0)" } ],
          "on_entry": [ "/clear @p[r=2] raigen:singularity_grenade 0 1" ]
        }
      }
    },
    "controller.animation.caber": {
      "states": {
        "default": {
          "transitions": [ { "walking": "(1.0)" } ],
          "on_entry": [ "/clear @p[r=2] raigen:caber 0 1" ]
        },
        "walking": {
          "transitions": [ { "default": "(1.0)" } ],
          "on_entry": [ "/clear @p[r=2] raigen:caber 0 1" ]
        }
      }
    },
    "controller.animation.tnt_stick": {
      "states": {
        "default": {
          "transitions": [ { "walking": "(1.0)" } ],
          "on_entry": [ "/clear @p[r=2] raigen:tnt_stick 0 1" ]
        },
        "walking": {
          "transitions": [ { "default": "(1.0)" } ],
          "on_entry": [ "/clear @p[r=2] raigen:tnt_stick 0 1" ]
        }
      }
    },
    "controller.animation.tnt_stick_x2": {
      "states": {
        "default": {
          "transitions": [ { "walking": "(1.0)" } ],
          "on_entry": [ "/clear @p[r=2] raigen:tnt_stick_x2 0 1" ]
        },
        "walking": {
          "transitions": [ { "default": "(1.0)" } ],
          "on_entry": [ "/clear @p[r=2] raigen:tnt_stick_x2 0 1" ]
        }
      }
    },
    "controller.animation.tnt_stick_x4": {
      "states": {
        "default": {
          "transitions": [ { "walking": "(1.0)" } ],
          "on_entry": [ "/clear @p[r=2] raigen:tnt_stick_x4 0 1" ]
        },
        "walking": {
          "transitions": [ { "default": "(1.0)" } ],
          "on_entry": [ "/clear @p[r=2] raigen:tnt_stick_x4 0 1" ]
        }
      }
    },
    "controller.animation.tnt_stick_x8": {
      "states": {
        "default": {
          "transitions": [ { "walking": "(1.0)" } ],
          "on_entry": [ "/clear @p[r=2] raigen:tnt_stick_x8 0 1" ]
        },
        "walking": {
          "transitions": [ { "default": "(1.0)" } ],
          "on_entry": [ "/clear @p[r=2] raigen:tnt_stick_x8 0 1" ]
        }
      }
    },
    "controller.animation.frag_grenade": {
      "states": {
        "default": {
          "transitions": [ { "walking": "(1.0)" } ],
          "on_entry": [ "/clear @p[r=2] raigen:frag_grenade 0 1" ]
        },
        "walking": {
          "transitions": [ { "default": "(1.0)" } ],
          "on_entry": [ "/clear @p[r=2] raigen:frag_grenade 0 1" ]
        }
      }
    },
	
    "controller.animation.missile_trail": {
      "states": {
        "default": {
          "transitions": [ { "walking": "(1.0)" } ],
          "on_entry": [ "/function missile_trail" ]
        },
        "walking": {
          "transitions": [ { "default": "(1.0)" } ],
          "on_entry": [ "/function missile_trail" ]
        }
      }
    },
	
    "controller.animation.molotov_particles": {
      "states": {
        "default": {
          "transitions": [ { "walking": "(1.0)" } ],
          "on_entry": [ "/particle raigen:napalm_explosion_particles ~ ~ ~" ]
        },
        "walking": {
          "transitions": [ { "default": "(1.0)" } ],
          "on_entry": [ "/particle raigen:napalm_explosion_particles ~ ~ ~" ]
        }
      }
    },
    "controller.animation.frag_grenade_particles": {
      "states": {
        "default": {
          "transitions": [ { "walking": "(1.0)" } ],
          "on_entry": [ "/particle raigen:frag_grenade_particles ~ ~ ~" ]
        },
        "walking": {
          "transitions": [ { "default": "(1.0)" } ],
          "on_entry": [ "/particle raigen:frag_grenade_particles ~ ~ ~" ]
        }
      }
    },
    "controller.animation.tear_gas_particles": {
      "states": {
        "default": {
          "transitions": [ { "walking": "(1.0)" } ],
          "on_entry": [ "/function tear_gas_particles" ]
        },
        "walking": {
          "transitions": [ { "default": "(1.0)" } ],
          "on_entry": [ "/function tear_gas_particles" ]
        }
      }
    },
    "controller.animation.phosphorus_charge_particles": {
      "states": {
        "default": {
          "transitions": [ { "walking": "(1.0)" } ],
          "on_entry": [ "/function phosphorus_charge_particles" ]
        },
        "walking": {
          "transitions": [ { "default": "(1.0)" } ],
          "on_entry": [ "/function phosphorus_charge_particles" ]
        }
      }
    },
    "controller.animation.smoke_grenade_particles": {
      "states": {
        "default": {
          "transitions": [ { "walking": "(1.0)" } ],
          "on_entry": [ "/function smoke_grenade_particles" ]
        },
        "walking": {
          "transitions": [ { "default": "(1.0)" } ],
          "on_entry": [ "/function smoke_grenade_particles" ]
        }
      }
    },
    "controller.animation.bedrock_buster_explosion_particles": {
      "states": {
        "default": {
          "transitions": [ { "walking": "(1.0)" } ],
          "on_entry": [ "/function bedrock_buster_function" ]
        },
        "walking": {
          "transitions": [ { "default": "(1.0)" } ],
          "on_entry": [ "/function bedrock_buster_function" ]
        }
      }
    },
    "controller.animation.tnt_fuse": {
      "states": {
        "default": {
          "transitions": [ { "walking": "(1.0)" } ],
          "on_entry": [ "/particle raigen:tnt_fuse ~ ~0.5 ~" ]
        },
        "walking": {
          "transitions": [ { "default": "(1.0)" } ],
          "on_entry": [ "/particle raigen:tnt_fuse ~ ~0.5 ~" ]
        }
      }
    },
    "controller.animation.napalm_fuse": {
      "states": {
        "default": {
          "transitions": [ { "walking": "(1.0)" } ],
          "on_entry": [ "/particle raigen:napalm_fuse ~ ~0.25 ~" ]
        },
        "walking": {
          "transitions": [ { "default": "(1.0)" } ],
          "on_entry": [ "/particle raigen:napalm_fuse ~ ~0.25 ~" ]
        }
      }
    }
  }
}