{
  "format_version": "1.8.0",
  "minecraft:entity": {
    "description": {
      "identifier": "raigen:napalm_particles",
      "is_spawnable": false,
      "is_summonable": true,
      "is_experimental": false,
	  "scripts": {
	    "animate": [ "walk" ]
	  },
	  "animations": {
	    "walk": "controller.animation.napalm_particles"
	  }
    },
	
	"components": {
	  "minecraft:collision_box": {
	    "height": 0.0,
		"width": 0.0
	  },
	  "minecraft:type_family": {
	    "family": [ "despawncito" ]
	  },
	  "minecraft:despawn": {
	    "filters": {
		  "all_of": [
		    { "test": "is_family", "subject": "self", "value": "despawncito" }
		  ]
		}
	  }
	}
  }
}