{
  "format_version": "1.8.0",
  "minecraft:entity": {
    "description": {
      "identifier": "raigen:napalm_fragments",
      "is_spawnable": false,
      "is_summonable": true,
      "is_experimental": false,
	  "scripts": {
	    "animate": [ "walk" ]
	  },
	  "animations": {
	    "walk": "controller.animation.napalm_fragments"
	  }
    },
	
	"component_groups": {
	  "minecraft:despawn": {
	    "minecraft:type_family": {
		  "family": [ "despawncito" ]
		}
	  }
	},
	
	"components": {
	  "minecraft:collision_box": {
	    "height": 0.0,
		"width": 0.0
	  },
	  "minecraft:damage_sensor": [
	    {
		  "cause": "any",
		  "deals_damage": false
		}
	  ],
      "minecraft:explode": {
        "fuseLength": {
		  "range_min": 2.0,
		  "range_max": 6.0
		},
        "fuseLit": true,
        "power": 2,
        "causesFire": true,
        "destroyAffectedByGriefing": true
      },
	  "minecraft:despawn": {
	    "filters": {
		  "all_of": [
		    { "test": "is_family", "subject": "self", "value": "despawncito" }
		  ]
		}
	  }
	},
	
	"events": {
	  "minecraft:event_despawn": {
	    "add": {
	      "component_groups": [ "minecraft:despawn" ]
		}
	  }
	}
  }
}