{
  "format_version": "1.8.0",
  "minecraft:entity": {
    "description": {
      "identifier": "raigen:singularity_grenade_function",
      "is_spawnable": false,
      "is_summonable": true,
      "is_experimental": false,
	  "scripts": {
	    "animate": [ "walk" ]
	  },
	  "animations": {
	    "walk": "controller.animation.singularity_grenade_function"
	  }
    },
	
	"component_groups": {
	  "minecraft:despawn": {
	    "minecraft:type_family": {
	      "family": [ "despawncito" ]
	    }
	  }
	},
	
	"components": {
	  "minecraft:collision_box": {
	    "height": 0.0,
		"width": 0.0
	  },
	  "minecraft:spawn_entity": [
	    {
		  "min_wait_time": 1,
		  "max_wait_time": 1,
		  "num_to_spawn": 1,
		  "single_use": false,
		  "spawn_entity": "raigen:singularity_grenade_suffocation"
		}
	  ],
	  "minecraft:timer": {
		"looping": false,
		"randomInterval": false,
		"time": 10.0,
	    "time_down_event": {
		  "event": "minecraft:event_despawn"
	    }
	  },
	  "minecraft:despawn": {
	    "filters": {
		  "all_of": [
		    { "test": "is_family", "subject": "self", "value": "despawncito" }
		  ]
		}
	  }
	},
	
	"events": {
	  "minecraft:event_despawn": {
	    "add": {
		  "component_groups": [ "minecraft:despawn" ]
		}
	  }
	}
  }
}