{
  "format_version": "1.8.0",
  "minecraft:entity": {
	"description": {
      "identifier": "raigen:item_ground_more_tnt",
      "is_spawnable": true,
      "is_summonable": true,
      "is_experimental": false
    },
	
	"component_groups": {
	  "minecraft:default": {
		"minecraft:interact": [
		  {
		    "on_interact": {
			  "filters": {
			    "all_of": [
				  { "test": "has_equipment", "subject": "other", "domain": "hand", "value": "raigen:caber"},
                  { "test" :  "is_family", "subject" : "other", "value" :  "player"}
				]
			  }, "event": "minecraft:event_caber"
		    }, "use_item": true, "play_sounds": "plop", "interact_text": "action.interact.place"
		  },
		  {
		    "on_interact": {
			  "filters": {
			    "all_of": [
				  { "test": "has_equipment", "subject": "other", "domain": "hand", "value": "raigen:dynamite_stick"},
                  { "test" :  "is_family", "subject" : "other", "value" :  "player"}
				]
			  }, "event": "minecraft:event_dynamite_stick"
		    }, "use_item": true, "play_sounds": "plop", "interact_text": "action.interact.place"
		  },
		  {
		    "on_interact": {
			  "filters": {
			    "all_of": [
				  { "test": "has_equipment", "subject": "other", "domain": "hand", "value": "raigen:frag_grenade"},
                  { "test" :  "is_family", "subject" : "other", "value" :  "player"}
				]
			  }, "event": "minecraft:event_frag_grenade"
		    }, "use_item": true, "play_sounds": "plop", "interact_text": "action.interact.place"
		  },
		  {
		    "on_interact": {
			  "filters": {
			    "all_of": [
				  { "test": "has_equipment", "subject": "other", "domain": "hand", "value": "raigen:generic_bomb"},
                  { "test" :  "is_family", "subject" : "other", "value" :  "player"}
				]
			  }, "event": "minecraft:event_generic_bomb"
		    }, "use_item": true, "play_sounds": "plop", "interact_text": "action.interact.place"
		  },
		  {
		    "on_interact": {
			  "filters": {
			    "all_of": [
				  { "test": "has_equipment", "subject": "other", "domain": "hand", "value": "raigen:launcher_empty"},
                  { "test" :  "is_family", "subject" : "other", "value" :  "player"}
				]
			  }, "event": "minecraft:event_launcher_empty"
		    }, "use_item": true, "play_sounds": "plop", "interact_text": "action.interact.place"
		  },
		  {
		    "on_interact": {
			  "filters": {
			    "all_of": [
				  { "test": "has_equipment", "subject": "other", "domain": "hand", "value": "raigen:launcher_luft_3"},
                  { "test" :  "is_family", "subject" : "other", "value" :  "player"}
				]
			  }, "event": "minecraft:event_launcher_luft_3"
		    }, "use_item": true, "play_sounds": "plop", "interact_text": "action.interact.place"
		  },
		  {
		    "on_interact": {
			  "filters": {
			    "all_of": [
				  { "test": "has_equipment", "subject": "other", "domain": "hand", "value": "raigen:launcher_luft_6"},
                  { "test" :  "is_family", "subject" : "other", "value" :  "player"}
				]
			  }, "event": "minecraft:event_launcher_luft_6"
		    }, "use_item": true, "play_sounds": "plop", "interact_text": "action.interact.place"
		  },
		  {
		    "on_interact": {
			  "filters": {
			    "all_of": [
				  { "test": "has_equipment", "subject": "other", "domain": "hand", "value": "raigen:launcher_luft_12"},
                  { "test" :  "is_family", "subject" : "other", "value" :  "player"}
				]
			  }, "event": "minecraft:event_launcher_luft_12"
		    }, "use_item": true, "play_sounds": "plop", "interact_text": "action.interact.place"
		  },
		  {
		    "on_interact": {
			  "filters": {
			    "all_of": [
				  { "test": "has_equipment", "subject": "other", "domain": "hand", "value": "raigen:launcher_luft_24"},
                  { "test" :  "is_family", "subject" : "other", "value" :  "player"}
				]
			  }, "event": "minecraft:event_launcher_luft_24"
		    }, "use_item": true, "play_sounds": "plop", "interact_text": "action.interact.place"
		  },
		  {
		    "on_interact": {
			  "filters": {
			    "all_of": [
				  { "test": "has_equipment", "subject": "other", "domain": "hand", "value": "raigen:molotov"},
                  { "test" :  "is_family", "subject" : "other", "value" :  "player"}
				]
			  }, "event": "minecraft:event_molotov"
		    }, "use_item": true, "play_sounds": "plop", "interact_text": "action.interact.place"
		  },
		  {
		    "on_interact": {
			  "filters": {
			    "all_of": [
				  { "test": "has_equipment", "subject": "other", "domain": "hand", "value": "raigen:phosphorus_charge"},
                  { "test" :  "is_family", "subject" : "other", "value" :  "player"}
				]
			  }, "event": "minecraft:event_phosphorus_charge"
		    }, "use_item": true, "play_sounds": "plop", "interact_text": "action.interact.place"
		  },
		  {
		    "on_interact": {
			  "filters": {
			    "all_of": [
				  { "test": "has_equipment", "subject": "other", "domain": "hand", "value": "raigen:potassium_charge"},
                  { "test" :  "is_family", "subject" : "other", "value" :  "player"}
				]
			  }, "event": "minecraft:event_potassium_charge"
		    }, "use_item": true, "play_sounds": "plop", "interact_text": "action.interact.place"
		  },
		  {
		    "on_interact": {
			  "filters": {
			    "all_of": [
				  { "test": "has_equipment", "subject": "other", "domain": "hand", "value": "raigen:singularity_grenade"},
                  { "test" :  "is_family", "subject" : "other", "value" :  "player"}
				]
			  }, "event": "minecraft:event_singularity_grenade"
		    }, "use_item": true, "play_sounds": "plop", "interact_text": "action.interact.place"
		  },
		  {
		    "on_interact": {
			  "filters": {
			    "all_of": [
				  { "test": "has_equipment", "subject": "other", "domain": "hand", "value": "raigen:smoke_grenade"},
                  { "test" :  "is_family", "subject" : "other", "value" :  "player"}
				]
			  }, "event": "minecraft:event_smoke_grenade"
		    }, "use_item": true, "play_sounds": "plop", "interact_text": "action.interact.place"
		  },
		  {
		    "on_interact": {
			  "filters": {
			    "all_of": [
				  { "test": "has_equipment", "subject": "other", "domain": "hand", "value": "raigen:stun_grenade"},
                  { "test" :  "is_family", "subject" : "other", "value" :  "player"}
				]
			  }, "event": "minecraft:event_stun_grenade"
		    }, "use_item": true, "play_sounds": "plop", "interact_text": "action.interact.place"
		  },
		  {
		    "on_interact": {
			  "filters": {
			    "all_of": [
				  { "test": "has_equipment", "subject": "other", "domain": "hand", "value": "raigen:tear_gas"},
                  { "test" :  "is_family", "subject" : "other", "value" :  "player"}
				]
			  }, "event": "minecraft:event_tear_gas"
		    }, "use_item": true, "play_sounds": "plop", "interact_text": "action.interact.place"
		  },
		  {
		    "on_interact": {
			  "filters": {
			    "all_of": [
				  { "test": "has_equipment", "subject": "other", "domain": "hand", "value": "raigen:tnt_stick"},
                  { "test" :  "is_family", "subject" : "other", "value" :  "player"}
				]
			  }, "event": "minecraft:event_tnt_stick"
		    }, "use_item": true, "play_sounds": "plop", "interact_text": "action.interact.place"
		  },
		  {
		    "on_interact": {
			  "filters": {
			    "all_of": [
				  { "test": "has_equipment", "subject": "other", "domain": "hand", "value": "raigen:tnt_stick_x2"},
                  { "test" :  "is_family", "subject" : "other", "value" :  "player"}
				]
			  }, "event": "minecraft:event_tnt_stick_x2"
		    }, "use_item": true, "play_sounds": "plop", "interact_text": "action.interact.place"
		  },
		  {
		    "on_interact": {
			  "filters": {
			    "all_of": [
				  { "test": "has_equipment", "subject": "other", "domain": "hand", "value": "raigen:tnt_stick_x4"},
                  { "test" :  "is_family", "subject" : "other", "value" :  "player"}
				]
			  }, "event": "minecraft:event_tnt_stick_x4"
		    }, "use_item": true, "play_sounds": "plop", "interact_text": "action.interact.place"
		  },
		  {
		    "on_interact": {
			  "filters": {
			    "all_of": [
				  { "test": "has_equipment", "subject": "other", "domain": "hand", "value": "raigen:tnt_stick_x8"},
                  { "test" :  "is_family", "subject" : "other", "value" :  "player"}
				]
			  }, "event": "minecraft:event_tnt_stick_x8"
		    }, "use_item": true, "play_sounds": "plop", "interact_text": "action.interact.place"
		  }
		]
	  },
	  "minecraft:caber": {
	    "minecraft:transformation": {
		  "into": "raigen:place_caber"
		},
		"minecraft:type_family": {
		  "family": [ "caber" ]
		}
	  },
	  "minecraft:dynamite_stick": {
	    "minecraft:transformation": {
		  "into": "raigen:place_dynamite_stick"
		},
		"minecraft:type_family": {
		  "family": [ "dynamite_stick" ]
		}
	  },
	  "minecraft:frag_grenade": {
	    "minecraft:transformation": {
		  "into": "raigen:place_frag_grenade"
		},
		"minecraft:type_family": {
		  "family": [ "frag_grenade" ]
		}
	  },
	  "minecraft:generic_bomb": {
	    "minecraft:transformation": {
		  "into": "raigen:place_generic_bomb"
		},
		"minecraft:type_family": {
		  "family": [ "generic_bomb" ]
		}
	  },
	  "minecraft:launcher_empty": {
	    "minecraft:transformation": {
		  "into": "raigen:place_launcher"
		},
		"minecraft:type_family": {
		  "family": [ "launcher_empty" ]
		}
	  },
	  "minecraft:launcher_luft_3": {
	    "minecraft:transformation": {
		  "into": "raigen:place_launcher"
		},
		"minecraft:type_family": {
		  "family": [ "launcher_luft_3" ]
		}
	  },
	  "minecraft:launcher_luft_6": {
	    "minecraft:transformation": {
		  "into": "raigen:place_launcher"
		},
		"minecraft:type_family": {
		  "family": [ "launcher_luft_6" ]
		}
	  },
	  "minecraft:launcher_luft_12": {
	    "minecraft:transformation": {
		  "into": "raigen:place_launcher"
		},
		"minecraft:type_family": {
		  "family": [ "launcher_luft_12" ]
		}
	  },
	  "minecraft:launcher_luft_24": {
	    "minecraft:transformation": {
		  "into": "raigen:place_launcher"
		},
		"minecraft:type_family": {
		  "family": [ "launcher_luft_24" ]
		}
	  },
	  "minecraft:molotov": {
	    "minecraft:transformation": {
		  "into": "raigen:place_molotov"
		},
		"minecraft:type_family": {
		  "family": [ "molotov" ]
		}
	  },
	  "minecraft:phosphorus_charge": {
	    "minecraft:transformation": {
		  "into": "raigen:place_phosphorus_charge"
		},
		"minecraft:type_family": {
		  "family": [ "phosphorus_charge" ]
		}
	  },
	  "minecraft:potassium_charge": {
	    "minecraft:transformation": {
		  "into": "raigen:place_potassium_charge"
		},
		"minecraft:type_family": {
		  "family": [ "potassium_charge" ]
		}
	  },
	  "minecraft:singularity_grenade": {
	    "minecraft:transformation": {
		  "into": "raigen:place_singularity_grenade"
		},
		"minecraft:type_family": {
		  "family": [ "singularity_grenade" ]
		}
	  },
	  "minecraft:smoke_grenade": {
	    "minecraft:transformation": {
		  "into": "raigen:place_smoke_grenade"
		},
		"minecraft:type_family": {
		  "family": [ "smoke_grenade" ]
		}
	  },
	  "minecraft:stun_grenade": {
	    "minecraft:transformation": {
		  "into": "raigen:place_stun_grenade"
		},
		"minecraft:type_family": {
		  "family": [ "stun_grenade" ]
		}
	  },
	  "minecraft:tear_gas": {
	    "minecraft:transformation": {
		  "into": "raigen:place_tear_gas"
		},
		"minecraft:type_family": {
		  "family": [ "tear_gas" ]
		}
	  },
	  "minecraft:tnt_stick": {
	    "minecraft:transformation": {
		  "into": "raigen:place_tnt_stick"
		},
		"minecraft:type_family": {
		  "family": [ "tnt_stick" ]
		}
	  },
	  "minecraft:tnt_stick_x2": {
	    "minecraft:transformation": {
		  "into": "raigen:place_tnt_stick"
		},
		"minecraft:type_family": {
		  "family": [ "tnt_stick_x2" ]
		}
	  },
	  "minecraft:tnt_stick_x4": {
	    "minecraft:transformation": {
		  "into": "raigen:place_tnt_stick"
		},
		"minecraft:type_family": {
		  "family": [ "tnt_stick_x4" ]
		}
	  },
	  "minecraft:tnt_stick_x8": {
	    "minecraft:transformation": {
		  "into": "raigen:place_tnt_stick"
		},
		"minecraft:type_family": {
		  "family": [ "tnt_stick_x8" ]
		}
	  },
	  
	  "minecraft:despawn": {
		"minecraft:scale": {
		  "value": 0.000000000000001
		}
	  }
	},
	
    "components": {
      "minecraft:type_family": {
        "family": [ "inanimate" ]
      },
      "minecraft:push_through": {
        "value": 1
      },
      "minecraft:collision_box": {
        "width": 0.1,
        "height": 0.1
      },
      "minecraft:knockback_resistance": {
        "value": 1.0
      },
	  "minecraft:damage_sensor": [
	    {
		  "on_damage": {
		    "filters": {
			  "all_of": [
			    {"test": "has_damage", "value": "fatal"}
			  ]
			},
			"event": "minecraft:event_despawn"
		  }
		}
	  ],
      "minecraft:health": {
        "value": 1
	  },
      "minecraft:is_stackable": {},
      "minecraft:fall_damage": {
        "value": 0.0
      },
      "minecraft:behavior.float": {
        "priority": 0
      },
	  "minecraft:physics": {
	  }
    },
	
	"events": {
	  "minecraft:entity_spawned": {
	    "add": {
		  "component_groups": [ "minecraft:default" ]
		}
	  },
	  "minecraft:event_despawn": {
	    "add": {
		  "component_groups": [ "minecraft:despawn" ]
		}
	  },
	  
	  "minecraft:event_caber": {
	    "add": {
		  "component_groups": [ "minecraft:caber" ]
		},
	    "remove": {
		  "component_groups": [ "minecraft:default" ]
		}
	  },
	  "minecraft:event_dynamite_stick": {
	    "add": {
		  "component_groups": [ "minecraft:dynamite_stick" ]
		},
	    "remove": {
		  "component_groups": [ "minecraft:default" ]
		}
	  },
	  "minecraft:event_frag_grenade": {
	    "add": {
		  "component_groups": [ "minecraft:frag_grenade" ]
		},
	    "remove": {
		  "component_groups": [ "minecraft:default" ]
		}
	  },
	  "minecraft:event_generic_bomb": {
	    "add": {
		  "component_groups": [ "minecraft:generic_bomb" ]
		},
	    "remove": {
		  "component_groups": [ "minecraft:default" ]
		}
	  },
	  "minecraft:event_launcher_empty": {
	    "add": {
		  "component_groups": [ "minecraft:launcher_empty" ]
		},
	    "remove": {
		  "component_groups": [ "minecraft:default" ]
		}
	  },
	  "minecraft:event_launcher_luft_3": {
	    "add": {
		  "component_groups": [ "minecraft:launcher_luft_3" ]
		},
	    "remove": {
		  "component_groups": [ "minecraft:default" ]
		}
	  },
	  "minecraft:event_launcher_luft_6": {
	    "add": {
		  "component_groups": [ "minecraft:launcher_luft_6" ]
		},
	    "remove": {
		  "component_groups": [ "minecraft:default" ]
		}
	  },
	  "minecraft:event_launcher_luft_12": {
	    "add": {
		  "component_groups": [ "minecraft:launcher_luft_12" ]
		},
	    "remove": {
		  "component_groups": [ "minecraft:default" ]
		}
	  },
	  "minecraft:event_launcher_luft_24": {
	    "add": {
		  "component_groups": [ "minecraft:launcher_luft_24" ]
		},
	    "remove": {
		  "component_groups": [ "minecraft:default" ]
		}
	  },
	  "minecraft:event_molotov": {
	    "add": {
		  "component_groups": [ "minecraft:molotov" ]
		},
	    "remove": {
		  "component_groups": [ "minecraft:default" ]
		}
	  },
	  "minecraft:event_phosphorus_charge": {
	    "add": {
		  "component_groups": [ "minecraft:phosphorus_charge" ]
		},
	    "remove": {
		  "component_groups": [ "minecraft:default" ]
		}
	  },
	  "minecraft:event_potassium_charge": {
	    "add": {
		  "component_groups": [ "minecraft:potassium_charge" ]
		},
	    "remove": {
		  "component_groups": [ "minecraft:default" ]
		}
	  },
	  "minecraft:event_singularity_grenade": {
	    "add": {
		  "component_groups": [ "minecraft:singularity_grenade" ]
		},
	    "remove": {
		  "component_groups": [ "minecraft:default" ]
		}
	  },
	  "minecraft:event_smoke_grenade": {
	    "add": {
		  "component_groups": [ "minecraft:smoke_grenade" ]
		},
	    "remove": {
		  "component_groups": [ "minecraft:default" ]
		}
	  },
	  "minecraft:event_stun_grenade": {
	    "add": {
		  "component_groups": [ "minecraft:stun_grenade" ]
		},
	    "remove": {
		  "component_groups": [ "minecraft:default" ]
		}
	  },
	  "minecraft:event_tear_gas": {
	    "add": {
		  "component_groups": [ "minecraft:tear_gas" ]
		},
	    "remove": {
		  "component_groups": [ "minecraft:default" ]
		}
	  },
	  "minecraft:event_tnt_stick": {
	    "add": {
		  "component_groups": [ "minecraft:tnt_stick" ]
		},
	    "remove": {
		  "component_groups": [ "minecraft:default" ]
		}
	  },
	  "minecraft:event_tnt_stick_x2": {
	    "add": {
		  "component_groups": [ "minecraft:tnt_stick_x2" ]
		},
	    "remove": {
		  "component_groups": [ "minecraft:default" ]
		}
	  },
	  "minecraft:event_tnt_stick_x4": {
	    "add": {
		  "component_groups": [ "minecraft:tnt_stick_x4" ]
		},
	    "remove": {
		  "component_groups": [ "minecraft:default" ]
		}
	  },
	  "minecraft:event_tnt_stick_x8": {
	    "add": {
		  "component_groups": [ "minecraft:tnt_stick_x8" ]
		},
	    "remove": {
		  "component_groups": [ "minecraft:default" ]
		}
	  }
	}
  }
}