{
  "format_version": "1.8.0",
  "minecraft:entity": {
	"description": {
      "identifier": "raigen:place_launcher",
      "is_spawnable": false,
      "is_summonable": true,
      "is_experimental": false
    },
	
	"component_groups": {
	  "minecraft:despawn": {
		"minecraft:scale": {
		  "value": 0.000000000000001
		}
	  },
	  "minecraft:launcher_empty": {
	    "minecraft:variant": {
		  "value": 0
		},
		"minecraft:loot": {
		  "table": "loot_tables/more_tnt/item_ground_more_tnt/launcher_empty.json"
		}
	  },
	  "minecraft:launcher_luft_3": {
	    "minecraft:variant": {
		  "value": 1
		},
		"minecraft:loot": {
		  "table": "loot_tables/more_tnt/item_ground_more_tnt/launcher_luft_3.json"
		}
	  },
	  "minecraft:launcher_luft_6": {
	    "minecraft:variant": {
		  "value": 2
		},
		"minecraft:loot": {
		  "table": "loot_tables/more_tnt/item_ground_more_tnt/launcher_luft_6.json"
		}
	  },
	  "minecraft:launcher_luft_12": {
	    "minecraft:variant": {
		  "value": 3
		},
		"minecraft:loot": {
		  "table": "loot_tables/more_tnt/item_ground_more_tnt/launcher_luft_12.json"
		}
	  },
	  "minecraft:launcher_luft_24": {
	    "minecraft:variant": {
		  "value": 4
		},
		"minecraft:loot": {
		  "table": "loot_tables/more_tnt/item_ground_more_tnt/launcher_luft_24.json"
		}
	  }
	},
	
    "components": {
	  "minecraft:damage_sensor": [
	    {
		  "on_damage": {
		    "filters": {
			  "all_of": [
			    {"test": "has_damage", "value": "fatal"}
			  ]
			},
			"event": "minecraft:event_despawn"
		  }
		}
	  ],
      "minecraft:type_family": {
        "family": [ "inanimate" ]
      },
      "minecraft:push_through": {
        "value": 1
      },
      "minecraft:collision_box": {
        "width": 0.1,
        "height": 0.1
      },
      "minecraft:knockback_resistance": {
        "value": 1.0
      },
      "minecraft:health": {
        "value": 1
	  },
      "minecraft:fall_damage": {
        "value": 0.0
      },
      "minecraft:behavior.float": {
        "priority": 0
      },
	  "minecraft:physics": {
	  }
    },
	
	"events": {
	  "minecraft:event_despawn": {
	    "add": {
		  "component_groups": [
		    "minecraft:despawn"
		  ]
		}
	  },
	  "minecraft:entity_transformed": {
	    "sequence": [
	      {
		    "filters": { "test": "is_family", "subject": "other", "value": "launcher_empty" },
		    "add": { "component_groups": [ "minecraft:launcher_empty" ] }
		  },
	      {
		    "filters": { "test": "is_family", "subject": "other", "value": "launcher_luft_3" },
		    "add": { "component_groups": [ "minecraft:launcher_luft_3" ] }
		  },
	      {
		    "filters": { "test": "is_family", "subject": "other", "value": "launcher_luft_6" },
		    "add": { "component_groups": [ "minecraft:launcher_luft_6" ] }
		  },
	      {
		    "filters": { "test": "is_family", "subject": "other", "value": "launcher_luft_12" },
		    "add": { "component_groups": [ "minecraft:launcher_luft_12" ] }
		  },
	      {
		    "filters": { "test": "is_family", "subject": "other", "value": "launcher_luft_24" },
		    "add": { "component_groups": [ "minecraft:launcher_luft_24" ] }
		  }
		]
	  }
	}
  }
}