{
  "format_version": "1.8.0",
  "minecraft:entity": {
	"description": {
      "identifier": "raigen:luft_6",
      "is_spawnable": false,
      "is_summonable": true,
      "is_experimental": false,
      "runtime_identifier": "minecraft:snowball",
	  "scripts": {
	    "animate": [ "walk" ]
	  },
	  "animations": {
	    "walk": "controller.animation.missile_trail"
	  }
    },
	
	"component_groups": {
      "minecraft:explode": {
        "minecraft:explode": {
          "fuseLength": 0,
          "fuseLit": true,
          "power": 6,
          "causesFire": false
        }
      }
	},
	
    "components": {
	  "minecraft:type_family": {
	    "family": [ "luft" ]
	  },
      "minecraft:projectile": {
        "onHit": {
          "definition_event": {
            "affectProjectile": true,
            "eventTrigger": {
			  "event": "minecraft:event_explode",
			  "target": "self"
			}
          }
        },
        "power": 2.8,
        "gravity": 0,
        "inertia": 1.01,
        "uncertaintyBase": 0.5,
        "uncertaintyMultiplier": 1,
        "anchor": 1,
        "offset": [0, 0, 0],
        "reflectOnHurt": true,
        "catch_fire": false
      },
	  "minecraft:collision_box": {
	    "height": 0.1,
		"width": 0.1
	  }
    },
	
	"events": {
	  "minecraft:event_explode": {
	    "add": { "component_groups": [ "minecraft:explode" ] }
	  }
	}
  }
}