{
  "format_version": "1.8.0",
  "minecraft:entity": {
	"description": {
      "identifier": "raigen:dynamite_stick",
      "is_spawnable": false,
      "is_summonable": true,
      "is_experimental": false,
      "runtime_identifier": "minecraft:snowball",
	  "scripts": {
	    "animate": [ "walk" ]
	  },
	  "animations": {
	    "walk": "controller.animation.dynamite_stick"
	  }
    },
	
	"component_groups": {
      "minecraft:landed": {
	    "minecraft:transformation": {
		  "into": "raigen:dynamite_stick_landed"
		}
      }
	},
	
    "components": {
	  "minecraft:physics": {},
	  "minecraft:type_family": {
	    "family": [ "tnt_stick" ]
	  },
      "minecraft:projectile": {
        "onHit": {
          "definition_event": {
            "affectProjectile": true,
            "eventTrigger": {
			  "event": "minecraft:event_landed",
			  "target": "self"
			}
          }
        },
        "power": 1.8,
        "gravity": 0.05,
        "inertia": 1.01,
        "uncertaintyBase": 0.5,
        "uncertaintyMultiplier": 1,
        "anchor": 1,
        "offset": [0, 0, 0],
        "reflectOnHurt": true,
        "catch_fire": false
      },
	  "minecraft:collision_box": {
	    "height": 0.1,
		"width": 0.1
	  }
    },
	
	"events": {
	  "minecraft:event_landed": {
	    "add": { "component_groups": [ "minecraft:landed" ] }
	  }
	}
  }
}