{
  "format_version": "1.8.0",
  "minecraft:entity": {
	"description": {
      "identifier": "raigen:potassium_charge",
      "is_spawnable": false,
      "is_summonable": true,
      "is_experimental": false,
      "runtime_identifier": "minecraft:snowball",
	  "scripts": {
	    "animate": [ "walk" ]
	  },
	  "animations": {
	    "walk": "controller.animation.potassium_charge"
	  }
    },
	
	"component_groups": {
      "minecraft:explode": {
        "minecraft:explode": {
          "fuseLength": 0,
          "fuseLit": true,
          "power": 4,
          "causesFire": false,
          "destroyAffectedByGriefing": true
        }
      },
      "minecraft:landed": {
	    "minecraft:transformation": {
		  "into": "raigen:potassium_charge_landed"
		}
      }
	},
	
    "components": {
	  "minecraft:physics": {},
	  "minecraft:type_family": {
	    "family": [ "tnt_stick" ]
	  },
	  "minecraft:environment_sensor": [
	    {
		  "on_environment": {
		    "filters": {
			  "any_of": [
			    { "test": "in_water_or_rain", "subject": "self", "value": true },
			    { "test": "is_underwater", "subject": "self", "value": true }
			  ]
			},
			"event": "minecraft:event_explode"
		  }
		}
	  ],
      "minecraft:projectile": {
        "onHit": {
          "definition_event": {
            "affectProjectile": true,
            "eventTrigger": {
			  "event": "minecraft:event_landed",
			  "target": "self"
			}
          }
        },
        "power": 1.8,
        "gravity": 0.05,
        "inertia": 1.01,
        "uncertaintyBase": 0.5,
        "uncertaintyMultiplier": 1,
        "anchor": 1,
        "offset": [0, 0, 0],
        "reflectOnHurt": true,
        "catch_fire": false
      },
	  "minecraft:collision_box": {
	    "height": 0.1,
		"width": 0.1
	  }
    },
	
	"events": {
	  "minecraft:event_explode": {
	    "add": { "component_groups": [ "minecraft:explode" ] }
	  },
	  "minecraft:event_landed": {
	    "add": { "component_groups": [ "minecraft:landed" ] }
	  }
	}
  }
}