{
    "format_version": "1.16.100",
    "minecraft:block": {
        "description": {
            "identifier": "furniture:tv_stand_right_2",
            "properties": {
                "decor:active": [ 0, 1, 2 ]
            }
        },
        "components": {
        "minecraft:material_instances": {
                "*": {
                    "texture": "tv_stand",
                    "render_method": "alpha_test"
                }
            },
            "minecraft:pick_collision": {
                "origin": [ -8, 0, -8 ],
                "size": [ 16, 16, 16 ]
            },
            "minecraft:loot": "loot_tables/random/tv_stand.json",
            "minecraft:geometry": "geometry.tv_stand_right",
            "minecraft:destroy_time": 2.0,
			"minecraft:block_light_absorption": 0.0,
            "minecraft:unwalkable": true,
            "minecraft:rotation": [0, 90, 0],
            "minecraft:entity_collision": {
                "origin": [ -8.0, 0.0, -8.0 ],
                "size": [ 16, 16, 16 ]
            },
            "minecraft:friction": 0.6,
            "minecraft:map_color": "#00ff00",
            "minecraft:flammable": {
                "flame_odds": 0,
                "burn_odds": 0
            },
            "minecraft:on_placed": { 
			     "event": "decor:open" 
	        },
            "minecraft:on_interact": { 
			     "event": "decor:toggle" 
	   }
	},
        "permutations": [
            {
                "condition": "query.block_property('decor:active') == 1",
                "components": {
                    "minecraft:geometry": "geometry.tv_stand_right_open",
			        "minecraft:block_light_absorption": 0.0,
					"minecraft:entity_collision":{
			            "origin":[ -8.0, 0.0, -6.0 ],
			            "size":[ 16, 16, 14 ]
			        },
					"minecraft:pick_collision":{
			            "origin":[ -8, 0, -6 ],
			            "size":[ 16, 16, 14 ]
			        },
                    "minecraft:on_placed": {
                        "event": "nothing"
                    },
		            "minecraft:on_interact": { 
			            "event": "nothing" 
			        },
                    "minecraft:ticking": {
                        "looping": true,
                        "range": [ 5, 5 ],
                        "on_tick": {
                        "event": "decor:normal"
                        }
                    }
				}
            },
            {
                "condition": "query.block_property('decor:active') == 2",
                "components": {
                    "minecraft:geometry": "geometry.tv_stand_right",
			        "minecraft:block_light_absorption": 0.0,
					"minecraft:entity_collision":{
			            "origin":[ -8.0, 0.0, -8.0 ],
			            "size":[ 16, 16, 16 ]
			        },
					"minecraft:pick_collision":{
			            "origin":[ -8, 0, -8 ],
			            "size":[ 16, 16, 16 ]
			        },
                    "minecraft:on_placed": {
                        "event": "nothing"
                    },
		            "minecraft:on_interact": { 
			            "event": "decor:toggle" 
	      }
	    }
      }
    ],
    "events": {          
      "decor:normal": {
            "set_block_property": {
              "decor:active": 2
            },
            "run_command": {
              "command": "playsound block.barrel.close @p ~~~ 1 1"
	    }
      },
      "decor:toggle": {
            "set_block_property": {
              "decor:active": 1
            },
            "run_command": {
              "command": "playsound block.barrel.open @p ~~~ 1 1"
	    }
      },
      "decor:open": {
        "run_command": {
          "command": [
            "summon furniture:open"
          ]
        }
      }
    }
  }
}