{
    "format_version": "1.16.100",
    "minecraft:block": {
        "description": {
            "identifier": "furniture:tv_stand",
            "properties": {
                "decor:face": [ 0, 1, 2, 3 ],
                "decor:active": [ 0, 1, 2 ]
            }
        },
        "components": {
            "minecraft:material_instances": {
                "*": {
                    "texture": "tv_stand",
                    "render_method": "opaque"
                }
            },
            "minecraft:loot": "loot_tables/kitchen/tv_stand.json",
            "minecraft:geometry": "geometry.tv_stand",
            "minecraft:destroy_time": 2.0,
			"minecraft:block_light_absorption": 0.0,
            "minecraft:unwalkable": true,
            "minecraft:entity_collision": {
                "origin": [ -8.0, 0.0, -8.0 ],
                "size": [ 16, 16, 16 ]
            },
            "minecraft:pick_collision": {
                "origin": [ -8, 0, -8 ],
                "size": [ 16, 16, 16 ]
            },
            "minecraft:on_interact": { 
			     "event": "decor:toggle" 
			},
            "minecraft:on_player_placing": { 
			     "event": "decor:face" 
	      }   
        },
        "permutations": [
            {
                "condition": "query.block_property('decor:face') == 0",
                "components": {
				    "minecraft:rotation": [ 0, 180, 0 ],
                    "minecraft:on_placed": {
                       "event": "place"
                    }  
				}
            },
			{
                "condition": "query.block_property('decor:face') == 1",
                "components": {
				    "minecraft:rotation": [ 0, 0, 0 ],
                    "minecraft:on_placed": {
                       "event": "place1"
                    }  
				}
            },
			{
                "condition": "query.block_property('decor:face') == 2",
                "components": {
				    "minecraft:rotation": [ 0, 270, 0 ],
                    "minecraft:on_placed": {
                       "event": "place2"
                    }  
				}
            },
			{
                "condition": "query.block_property('decor:face') == 3",
                "components": {
				    "minecraft:rotation": [ 0, 90, 0 ],
                    "minecraft:on_placed": {
                       "event": "place3"
                    }  
				}
            },
            {
                "condition": "query.block_property('decor:active') == 1",
                "components": {
                    "minecraft:geometry": "geometry.tv_stand_open",
			        "minecraft:block_light_absorption": 0.0,
					"minecraft:entity_collision":{
			            "origin":[ -8.0, 0.0, -6.0 ],
			            "size":[ 16, 16, 14 ]
			        },
					"minecraft:pick_collision":{
			            "origin":[ -8, 0, -6 ],
			            "size":[ 16, 16, 14 ]
			        },
                    "minecraft:on_placed": {
                        "event": "nothing"
                    },
		            "minecraft:on_interact": { 
			            "event": "nothing" 
			        },
                    "minecraft:ticking": {
                        "looping": true,
                        "range": [ 5, 5 ],
                        "on_tick": {
                        "event": "decor:normal"
                        }
                    }
				}
            },
            {
                "condition": "query.block_property('decor:active') == 2",
                "components": {
                    "minecraft:geometry": "geometry.tv_stand",
			        "minecraft:block_light_absorption": 0.0,
					"minecraft:entity_collision":{
			            "origin":[ -8.0, 0.0, -8.0 ],
			            "size":[ 16, 16, 16 ]
			        },
					"minecraft:pick_collision":{
			            "origin":[ -8, 0, -8 ],
			            "size":[ 16, 16, 16 ]
			        },
                    "minecraft:on_placed": {
                        "event": "nothing"
                    },
		            "minecraft:on_interact": { 
			            "event": "decor:toggle" 
			        }
				}
            }
        ],
    "events": {          
      "decor:face": {
        "set_block_property": {
          "decor:face": "query.cardinal_facing_2d-2"
        }
      },
      "decor:normal": {
            "set_block_property": {
              "decor:active": 2
            },
            "run_command": {
              "command": "playsound block.barrel.close @p ~~~ 1 1"
	    }
      },
      "decor:toggle": {
            "set_block_property": {
              "decor:active": 1
            },
            "run_command": {
              "command": "playsound block.barrel.open @p ~~~ 1 1"
	    }
      },
      "place": {
        "run_command": {
          "command": [
            "summon furniture:tv_stand", "summon furniture:tv_stand_1", "summon furniture:open"
          ]
        }
      },  
      "place1": {
        "run_command": {
          "command": [
            "summon furniture:tv_stand", "summon furniture:tv_stand_1", "summon furniture:open"
          ]
        },
	    "set_block_at_pos": {
	      "block_type":{
		  "name": "furniture:tv_stand_1"
		  },
		  "block_offset": [ 0, 0, 0 ]
         }
      },    
      "place2": {
        "run_command": {
          "command": [
            "summon furniture:tv_stand", "summon furniture:tv_stand_1", "summon furniture:open"
          ]
        },
	    "set_block_at_pos": {
	      "block_type":{
		  "name": "furniture:tv_stand_2"
		  },
		  "block_offset": [ 0, 0, 0 ]
         }
      },    
      "place3": {
        "run_command": {
          "command": [
            "summon furniture:tv_stand", "summon furniture:tv_stand_1", "summon furniture:open"
          ]
        },
	    "set_block_at_pos": {
	      "block_type":{
		  "name": "furniture:tv_stand_3"
		  },
		  "block_offset": [ 0, 0, 0 ]
         }
      },         
      "decor:face": {
        "set_block_property": {
          "decor:face": "query.cardinal_facing_2d-2"
        }
      }
    }
  }
}
