{
  "resource_pack_name": "vanilla",
  "texture_name": "atlas.items",
  "texture_data": {
    "more_tnt": {
      "textures": [
        "textures/more_tnt/items/item_ground_more_tnt", //0
		
        "textures/more_tnt/items/c4", //1
        "textures/more_tnt/items/cryocharge", //2
        "textures/more_tnt/items/dynamite", //3
        "textures/more_tnt/items/napalm", //4
        "textures/more_tnt/items/nuke", //5
        "textures/more_tnt/items/sticky_bomb", //6
        "textures/more_tnt/items/tnt_x2", //7
        "textures/more_tnt/items/tnt_x4", //8
        "textures/more_tnt/items/tnt_x8", //9
        "textures/more_tnt/items/bedrock_buster" //10
      ]
    },
	
    "launcher_luft_3": { "textures": [ "textures/more_tnt/items/launcher_luft_3" ] },
    "launcher_luft_6": { "textures": [ "textures/more_tnt/items/launcher_luft_6" ] },
    "launcher_luft_12": { "textures": [ "textures/more_tnt/items/launcher_luft_12" ] },
    "launcher_luft_24": { "textures": [ "textures/more_tnt/items/launcher_luft_24" ] },
    "launcher_empty": { "textures": [ "textures/more_tnt/items/launcher_empty" ] },
    "caber": { "textures": [ "textures/more_tnt/items/caber" ] },
    "tnt_stick": { "textures": [ "textures/more_tnt/items/tnt_stick" ] },
    "tnt_stick_x2": { "textures": [ "textures/more_tnt/items/tnt_stick_x2" ] },
    "tnt_stick_x4": { "textures": [ "textures/more_tnt/items/tnt_stick_x4" ] },
    "tnt_stick_x8": { "textures": [ "textures/more_tnt/items/tnt_stick_x8" ] },
    "frag_grenade": { "textures": [ "textures/more_tnt/items/frag_grenade" ] },
    "smoke_grenade": { "textures": [ "textures/more_tnt/items/smoke_grenade" ] },
    "stun_grenade": { "textures": [ "textures/more_tnt/items/stun_grenade" ] },
    "dynamite_stick": { "textures": [ "textures/more_tnt/items/dynamite_stick" ] },
    "tear_gas": { "textures": [ "textures/more_tnt/items/tear_gas" ] },
    "generic_bomb": { "textures": [ "textures/more_tnt/items/generic_bomb" ] },
    "molotov": { "textures": [ "textures/more_tnt/items/molotov" ] },
    "potassium_charge": { "textures": [ "textures/more_tnt/items/potassium_charge" ] },
    "phosphorus_charge": { "textures": [ "textures/more_tnt/items/phosphorus_charge" ] },
    "singularity_grenade": { "textures": [ "textures/more_tnt/items/singularity_grenade" ] }
  }
}