 {
    "format_version": "1.16.100",
    "minecraft:block": {
        "description": {
            "identifier": "furniture:bedside_larger_lamp_black",
            "properties": {
                "decor:active": [ false, true ]
            }
        },
        "components": {
            "minecraft:material_instances": {
                "*": {
                    "texture": "bedside_lamp_black",
                    "render_method": "alpha_test"
                }
            },
            "minecraft:pick_collision": {
                "origin": [ -8, 0, -8 ],
                "size": [ 16, 16, 16 ]
            },
			"minecraft:loot": "loot_tables/bedroom/bedside_larger_lamp_black.json",
            "minecraft:geometry": "geometry.bedside_larger_lamp",
            "minecraft:destroy_time": 2.0,
			"minecraft:block_light_absorption": 0.0,
            "minecraft:unwalkable": true,
            "minecraft:entity_collision": {
                "origin": [ -8.0, 0.0, -8.0 ],
                "size": [ 16, 16, 16 ]
            },
            "minecraft:friction": 0.6,
            "minecraft:map_color": "#00ff00",
            "minecraft:flammable": {
                "flame_odds": 0,
                "burn_odds": 0
            },
            "minecraft:on_placed": {
                 "event": "decor:block"
            },
            "minecraft:on_interact": { "event": "decor:toggle" },
            "minecraft:block_light_emission": 1.0
        },
        "permutations": [
            {
                "condition": "!query.block_property('decor:active')",
                "components": {
                    "minecraft:material_instances": {
                        "*": {
                            "texture": "bedside_lamp_off_black",
                            "render_method": "alpha_test"
						    }
						},
			        "minecraft:block_light_emission": 0.0
                }
            }
        ],
        "events": {
             "decor:block": {
	           "set_block_at_pos": {
	           "block_type":{
		       "name": "furniture:colision"
		       },
		       "block_offset": [
		          0,
		          1,
		          0
		        ]
              }
	        },
            "decor:toggle": {
                "set_block_property": {
                    "decor:active": "query.block_property('decor:active') ? false : true"
                }
            }
        }
    }
}
