{
    "format_version": "1.16.100",
    "minecraft:block": {
        "description": {
            "identifier": "furniture:nightstand_jungle",
            "properties": {
                "decor:face": [ 0, 1, 2, 3 ],
                "decor:active": [ 0, 1, 2 ]
            }
        },
        "components": {
            "minecraft:material_instances": {
                "*": {
                    "texture": "nightstand_jungle",
                    "render_method": "opaque"
                }
            },
            "minecraft:loot": "loot_tables/bedroom/nightstand_jungle.json",
            "minecraft:geometry": "geometry.nightstand",
            "minecraft:destroy_time": 2.0,
			"minecraft:block_light_absorption": 0.0,
            "minecraft:unwalkable": true,
            "minecraft:entity_collision": {
                "origin": [ -8.0, 0.0, -8.0 ],
                "size": [ 16, 16, 16 ]
            },
            "minecraft:pick_collision": {
                "origin": [ -8, 0, -8 ],
                "size": [ 16, 16, 16 ]
            },
            "minecraft:on_placed": {
                 "event": "decor:open"
            },
            "minecraft:on_interact": { 
			     "event": "decor:toggle" 
			},
            "minecraft:on_player_placing": { 
			     "event": "decor:face" 
	      }   
        },
        "permutations": [
            {
                "condition": "query.block_property('decor:face') == 0",
                "components": { "minecraft:rotation": [ 0, 180, 0 ] }
            }, {
                "condition": "query.block_property('decor:face') == 1",
                "components": { "minecraft:rotation": [ 0, 0, 0 ] }
            }, {
                "condition": "query.block_property('decor:face') == 2",
                "components": { "minecraft:rotation": [ 0, 270, 0 ] }
            },  {
                "condition": "query.block_property('decor:face') == 3",
                "components": { "minecraft:rotation": [ 0, 90, 0 ] }
            },
            {
                "condition": "query.block_property('decor:active') == 1",
                "components": {
                    "minecraft:geometry": "geometry.nightstand_open",
			        "minecraft:block_light_absorption": 0.0,
					"minecraft:entity_collision":{
			            "origin":[ -8.0, 0.0, -6.0 ],
			            "size":[ 16, 16, 14 ]
			        },
					"minecraft:pick_collision":{
			            "origin":[ -8, 0, -6 ],
			            "size":[ 16, 16, 14 ]
			        },
                    "minecraft:on_placed": {
                        "event": "nothing"
                    },
		            "minecraft:on_interact": { 
			            "event": "nothing" 
			        },
                    "minecraft:ticking": {
                        "looping": true,
                        "range": [ 5, 5 ],
                        "on_tick": {
                        "event": "decor:normal"
                        }
                    }
				}
            },
            {
                "condition": "query.block_property('decor:active') == 2",
                "components": {
                    "minecraft:geometry": "geometry.nightstand",
			        "minecraft:block_light_absorption": 0.0,
					"minecraft:entity_collision":{
			            "origin":[ -8.0, 0.0, -8.0 ],
			            "size":[ 16, 16, 16 ]
			        },
					"minecraft:pick_collision":{
			            "origin":[ -8, 0, -8 ],
			            "size":[ 16, 16, 16 ]
			        },
                    "minecraft:on_placed": {
                        "event": "nothing"
                    },
		            "minecraft:on_interact": { 
			            "event": "decor:toggle" 
			        }
				}
            }
        ],
    "events": {          
      "decor:face": {
        "set_block_property": {
          "decor:face": "query.cardinal_facing_2d-2"
        }
      },
      "decor:open": {
            "run_command": {
              "command": "summon furniture:open"
        }
      },
      "decor:normal": {
            "set_block_property": {
              "decor:active": 2
            },
            "run_command": {
              "command": "playsound block.barrel.close @p ~~~ 1 1"
	    }
      },
      "decor:toggle": {
            "set_block_property": {
              "decor:active": 1
            },
            "run_command": {
              "command": "playsound block.barrel.open @p ~~~ 1 1"
	    }
      }
    }
  }
}
