{
  "format_version": "1.12",
  "minecraft:recipe_shaped": {
    "description": {
    "identifier": "furniture:colorful_dye"
    },

    
    "tags": [ "crafting_table" ],
    "pattern": [
      "123",
	  "405",
	  "678"
    ],
    "key": {
            "1": {
                "item": "minecraft:dye",
                "data": 1
            },
            "2": {
                "item": "minecraft:dye",
                "data": 14
            },
            "3": {
                "item": "minecraft:dye",
                "data": 11
            },
            "4": {
                "item": "minecraft:dye",
                "data": 10
            },
            "5": {
                "item": "minecraft:dye",
                "data": 2
            }, 
            "6": {
                "item": "minecraft:dye",
                "data": 12
            },       
            "7": {
                "item": "minecraft:dye",
                "data": 18
            },   
             "8": {
                "item": "minecraft:dye",
                "data":5 
            },
            "0": {
                "item": "minecraft:dye",
                "data": 19
            }
        },
    "result": {
      "item": "furniture:colorful_dye",
      "count": 8   
    }
  }
}
