{
    "format_version": "1.16",
    "minecraft:recipe_shaped": {
        "description": {
            "identifier": "furniture:crafting_table_from_cocopalm_planks"
        },
        "tags": [
            "crafting_table"
        ],
        "pattern": [
            "BB",
            "BB"
        ],
        "key": {
            "B": {
                "item": "furniture:planks_cocopalm"
            }
        },
        "result": {
            "item": "crafting_table",
            "count": 1
        },
        "priority": 2
    }
}