{
    "format_version": "1.16",
    "minecraft:recipe_shaped": {
        "description": {
            "identifier": "furniture:stick_from_cocopalm_planks"
        },
        "tags": [
            "crafting_table"
        ],
        "pattern": [
            "B",
            "B"
        ],
        "key": {
            "B": {
                "item": "furniture:planks_cocopalm"
            }
        },
        "result": {
            "item": "stick",
            "count": 4
        },
        "priority": 2
    }
}