{
    "format_version": "1.16",
    "minecraft:recipe_shaped": {
        "description": {
            "identifier": "furniture:trapdoor_from_cocopalm_planks"
        },
        "tags": [
            "crafting_table"
        ],
        "pattern": [
            "BBB",
            "BBB"
        ],
        "key": {
            "B": {
                "item": "furniture:planks_cocopalm"
            }
        },
        "result": {
            "item": "furniture:cocopalm_trapdoor",
            "count": 2
        },
        "priority": 2
    }
}