{
  "format_version": "1.13.0",
  "minecraft:feature_rules": {
    "description": {
      "identifier": "furniture:overworld_cocopalm_2_placement_feature",
      "places_feature": "furniture:cocopalm_2_placement_structure_feature"
    },
    "conditions": {
      "placement_pass": "surface_pass",
      "minecraft:biome_filter": [
        {
          "any_of": [
            {
              "test": "has_biome_tag",
              "operator": "==",
              "value": "beach"
            }
          ]
        }
      ]
    },
    "distribution": {
      "iterations": 7,
      "scatter_chance": 9.0,
      "x": {
        "distribution": "uniform",
        "extent": [ 0, 48 ]
      },
      "y": "query.heightmap(variable.worldx, variable.worldz)",
      "z": {
        "distribution": "uniform",
        "extent": [ 0, 48 ]
      }
    }
  }
}