{
    "format_version": "1.16.100",
    "minecraft:block": {
        "description": {
            "identifier": "furniture:beach_umbrella",
            "properties": {
                "decor:face": [ 0, 1, 2, 3 ],
                "decor:color": [  0, 1, 2, 3, 4, 5, 6, 7, 8, 9, 10, 11, 12, 13, 14, 15  ]
            }
        },
        "components": {
            "minecraft:material_instances": {
                "*": {
                    "texture": "beach_umbrella_white",
                    "render_method": "opaque"
                }
            },
            "minecraft:loot": "loot_tables/beach/beach_umbrella.json",
            "minecraft:geometry": "geometry.beach_umbrella",
            "minecraft:destroy_time": 2.0,
			"minecraft:block_light_absorption": 0.0,
            "minecraft:unwalkable": true,
            "minecraft:entity_collision": {
                "origin": [ -8.0, 0.0, -8.0 ],
                "size": [ 16, 16, 16 ]
            },
            "minecraft:pick_collision": {
                "origin": [ -8, 0, -8 ],
                "size": [ 16, 16, 16 ]
            },
            "minecraft:on_player_placing": { "event": "decor:face" },
            "minecraft:on_interact": {
			   "condition": "query.get_equipped_item_name('main_hand')== 'colorful_brush'",
               "event": "colorful_brush"
            }
        },
        "permutations": [
            {
                "condition": "query.block_property('decor:face') == 0",
                "components": { "minecraft:rotation": [ 0, 180, 0 ] }
            }, {
                "condition": "query.block_property('decor:face') == 1",
                "components": { "minecraft:rotation": [ 0, 0, 0 ] }
            }, {
                "condition": "query.block_property('decor:face') == 2",
                "components": { "minecraft:rotation": [ 0, 270, 0 ] }
            },  {
                "condition": "query.block_property('decor:face') == 3",
                "components": { "minecraft:rotation": [ 0, 90, 0 ] }
            },
            {
                "condition": "query.block_property('decor:color')==1",
                "components": {
                    "minecraft:material_instances": {
                        "*": {
                            "texture": "beach_umbrella_black",
                            "render_method": "alpha_test"
					    }
				    }
				}
            },
            {
                "condition": "query.block_property('decor:color')==2",
                "components": {
                    "minecraft:material_instances": {
                        "*": {
                            "texture": "beach_umbrella_gray",
                            "render_method": "alpha_test"
					    }
				    }
				}
            },
            {
                "condition": "query.block_property('decor:color')==3",
                "components": {
                    "minecraft:material_instances": {
                        "*": {
                            "texture": "beach_umbrella_silver",
                            "render_method": "alpha_test"
					    }
				    }
				}
            },
            {
                "condition": "query.block_property('decor:color')==4",
                "components": {
                    "minecraft:material_instances": {
                        "*": {
                            "texture": "beach_umbrella_brown",
                            "render_method": "alpha_test"
					    }
				    }
				}
            },
            {
                "condition": "query.block_property('decor:color')==5",
                "components": {
                    "minecraft:material_instances": {
                        "*": {
                            "texture": "beach_umbrella_cyan",
                            "render_method": "alpha_test"
					    }
				    }
				}
            },
            {
                "condition": "query.block_property('decor:color')==6",
                "components": {
                    "minecraft:material_instances": {
                        "*": {
                            "texture": "beach_umbrella_red",
                            "render_method": "alpha_test"
					    }
				    }
				}
            },
            {
                "condition": "query.block_property('decor:color')==7",
                "components": {
                    "minecraft:material_instances": {
                        "*": {
                            "texture": "beach_umbrella_orange",
                            "render_method": "alpha_test"
					    }
				    }
				}
            },
            {
                "condition": "query.block_property('decor:color')==8",
                "components": {
                    "minecraft:material_instances": {
                        "*": {
                            "texture": "beach_umbrella_yellow",
                            "render_method": "alpha_test"
					    }
				    }
				}
            },
            {
                "condition": "query.block_property('decor:color')==9",
                "components": {
                    "minecraft:material_instances": {
                        "*": {
                            "texture": "beach_umbrella_green",
                            "render_method": "alpha_test"
					    }
				    }
				}
            },
            {
                "condition": "query.block_property('decor:color')==10",
                "components": {
                    "minecraft:material_instances": {
                        "*": {
                            "texture": "beach_umbrella_lime",
                            "render_method": "alpha_test"
					    }
				    }
				}
            },
            {
                "condition": "query.block_property('decor:color')==11",
                "components": {
                    "minecraft:material_instances": {
                        "*": {
                            "texture": "beach_umbrella_blue",
                            "render_method": "alpha_test"
					    }
				    }
				}
            },
            {
                "condition": "query.block_property('decor:color')==12",
                "components": {
                    "minecraft:material_instances": {
                        "*": {
                            "texture": "beach_umbrella_light_blue",
                            "render_method": "alpha_test"
					    }
				    }
				}
            },
            {
                "condition": "query.block_property('decor:color')==13",
                "components": {
                    "minecraft:material_instances": {
                        "*": {
                            "texture": "beach_umbrella_pink",
                            "render_method": "alpha_test"
					    }
				    }
				}
            },
            {
                "condition": "query.block_property('decor:color')==14",
                "components": {
                    "minecraft:material_instances": {
                        "*": {
                            "texture": "beach_umbrella_magenta",
                            "render_method": "alpha_test"
					    }
				    }
				}
            },
            {
                "condition": "query.block_property('decor:color')==15",
                "components": {
			        "minecraft:on_interact": {
                        "condition": "query.get_equipped_item_name('main_hand')== 'colorful_brush'",
                        "event": "normal"
                    },
                    "minecraft:material_instances": {
                        "*": {
                            "texture": "beach_umbrella_purple",
                            "render_method": "alpha_test"
					    }
				    }
				}
            }
        ],
        "events": {
            "colorful_brush": {
                "set_block_property": {
                    "decor:color": "query.block_property('decor:color') +1"
                }
            },
            "normal": {
                "set_block_property": {
                    "decor:color": 0
                }
            },           
      "decor:face": {
        "set_block_property": {
          "decor:face": "query.cardinal_facing_2d-2"
        }
      }
    }
  }
}
