{
  "format_version": "1.16.100",
  "minecraft:entity": {
    "description": {
      "identifier": "furniture:open_1",
      "is_spawnable": false,
      "is_summonable": true,
      "is_experimental": false
    },
    "component_groups": {},
    "components": {
      "minecraft:type_family": {
        "family": [ "open", "inanimate" ]
      },
      "minecraft:collision_box": {
        "width": 0.25,
        "height": 0.4
      },
      "minecraft:health": {
        "value": 1.0,
        "max": 1.0
      },
      "minecraft:fire_immune": {
      },
      "minecraft:damage_sensor": {
        "triggers": {
          "cause": "all",
          "deals_damage": false
        }
      },
      "minecraft:inventory": {
        "container_type": "container",
        "inventory_size": 27
      },
      "minecraft:inside_block_notifier": {
        "block_list": [
          {
            "block": "furniture:kitchen_upper_cabinet",
            "exited_block_event": {
              "event": "block_on_break",
              "target": "self"
            }
          }
        ]
      }
    },
    "events": {
      "block_on_break": {
        "run_command": {
          "command": "kill @e[type=furniture:open_1, c=1]"
          }
        }
      }
    }
  }
}