{
  "format_version": "1.16.100",
  "minecraft:entity": {
    "description": {
      "identifier": "furniture:open",
      "is_spawnable": false,
      "is_summonable": true,
      "is_experimental": false
    },
    "component_groups": {
      "instant_despawn": {
        "minecraft:instant_despawn": {}
      }
    },
    "components": {
      "minecraft:type_family": {
        "family": [ "open", "inanimate" ]
      },
      "minecraft:collision_box": {
        "width": 0.8,
        "height": 0.2
      },
      "minecraft:health": {
        "value": 1.0,
        "max": 1.0
      },
      "minecraft:fire_immune": {
      },
      "minecraft:damage_sensor": {
        "triggers": {
          "cause": "all",
          "deals_damage": false
        }
      },
      "minecraft:inventory": {
        "container_type": "container",
        "inventory_size": 27
      },
      "minecraft:inside_block_notifier": {
        "block_list": [
          {
            "block": "furniture:kitchen_low_cabinet",
            "exited_block_event": {
              "event": "block_on_break",
              "target": "self"
            }
          },
          {
            "block": "furniture:kitchen_drawers",
            "exited_block_event": {
              "event": "block_on_break",
              "target": "self"
            }
          },
          {
            "block": "furniture:nightstand_oak",
            "exited_block_event": {
              "event": "block_on_break",
              "target": "self"
            }
          },
          {
            "block": "furniture:nightstand_big_oak",
            "exited_block_event": {
              "event": "block_on_break",
              "target": "self"
            }
          },
          {
            "block": "furniture:nightstand_spruce",
            "exited_block_event": {
              "event": "block_on_break",
              "target": "self"
            }
          },
          {
            "block": "furniture:nightstand_birch",
            "exited_block_event": {
              "event": "block_on_break",
              "target": "self"
            }
          },
          {
            "block": "furniture:nightstand_jungle",
            "exited_block_event": {
              "event": "block_on_break",
              "target": "self"
            }
          },
          {
            "block": "furniture:nightstand_acacia",
            "exited_block_event": {
              "event": "block_on_break",
              "target": "self"
            }
          },
          {
            "block": "furniture:nightstand_crimson",
            "exited_block_event": {
              "event": "block_on_break",
              "target": "self"
            }
          },
          {
            "block": "furniture:nightstand_warped",
            "exited_block_event": {
              "event": "block_on_break",
              "target": "self"
            }
          },
          {
            "block": "furniture:kitchen_upper_cabinet_1",
            "exited_block_event": {
              "event": "block_on_break",
              "target": "self"
            }
          },
          {
            "block": "furniture:kitchen_upper_cabinet_2",
            "exited_block_event": {
              "event": "block_on_break",
              "target": "self"
            }
          },
          {
            "block": "furniture:kitchen_upper_cabinet_3",
            "exited_block_event": {
              "event": "block_on_break",
              "target": "self"
            }
          },
          {
            "block": "furniture:kitchen_upper_cabinet_4",
            "exited_block_event": {
              "event": "block_on_break",
              "target": "self"
            }
          },
          {
            "block": "furniture:fridge",
            "exited_block_event": {
              "event": "block_on_break",
              "target": "self"
            }
          },
          {
            "block": "furniture:wardrobe_1",
            "exited_block_event": {
              "event": "block_on_break",
              "target": "self"
            }
          },
          {
            "block": "furniture:wardrobe_2",
            "exited_block_event": {
              "event": "block_on_break",
              "target": "self"
            }
          },
          {
            "block": "furniture:wardrobe_3",
            "exited_block_event": {
              "event": "block_on_break",
              "target": "self"
            }
          },
          {
            "block": "furniture:bedroom_dresser",
            "exited_block_event": {
              "event": "block_on_break",
              "target": "self"
            }
          },
          {
            "block": "furniture:tv_stand",
            "exited_block_event": {
              "event": "block_on_break",
              "target": "self"
            }
          },
          {
            "block": "furniture:tv_stand_1",
            "exited_block_event": {
              "event": "block_on_break",
              "target": "self"
            }
          },
          {
            "block": "furniture:tv_stand_2",
            "exited_block_event": {
              "event": "block_on_break",
              "target": "self"
            }
          },
          {
            "block": "furniture:tv_stand_3",
            "exited_block_event": {
              "event": "block_on_break",
              "target": "self"
            }
          },
          {
            "block": "furniture:tv_stand_right_1",
            "exited_block_event": {
              "event": "block_on_break",
              "target": "self"
            }
          },
          {
            "block": "furniture:tv_stand_right_2",
            "exited_block_event": {
              "event": "block_on_break",
              "target": "self"
            }
          },
          {
            "block": "furniture:tv_stand_right_3",
            "exited_block_event": {
              "event": "block_on_break",
              "target": "self"
            }
          },
          {
            "block": "furniture:tv_stand_right_4",
            "exited_block_event": {
              "event": "block_on_break",
              "target": "self"
            }
          },
          {
            "block": "furniture:tv_stand_left_1",
            "exited_block_event": {
              "event": "block_on_break",
              "target": "self"
            }
          },
          {
            "block": "furniture:tv_stand_left_2",
            "exited_block_event": {
              "event": "block_on_break",
              "target": "self"
            }
          },
          {
            "block": "furniture:tv_stand_left_3",
            "exited_block_event": {
              "event": "block_on_break",
              "target": "self"
            }
          },
          {
            "block": "furniture:tv_stand_left_4",
            "exited_block_event": {
              "event": "block_on_break",
              "target": "self"
            }
          }
        ]
      }
    },
    "events": {
      "block_on_break": {
        "add": {
          "component_groups": [
            "instant_despawn"
          ]
        }
      }
    }
  }
}